,nodes,images,perturbed,times-took,hamming,per_perturbed
0,1,1,1,1,1,10
1,1,2,1,1,1,10
2,2,1,1,10,1,10
3,2,2,1,10,1,10
4,3,1,1,2,3,10
5,3,2,1,1,0,10
6,4,1,1,1,0,10
7,4,2,1,1,0,10
8,5,1,1,1,0,10
9,5,2,1,1,0,10
10,6,1,1,1,0,10
11,6,2,1,1,0,10
12,7,1,1,1,0,10
13,7,2,1,1,0,10
14,8,1,1,1,0,10
15,8,2,1,1,0,10
16,9,1,1,1,0,10
17,9,2,1,1,0,10
18,10,1,1,1,0,10
19,10,2,1,1,0,10
20,11,1,1,1,0,10
21,11,2,1,1,0,10
22,12,1,1,1,0,10
23,12,2,1,1,0,10
24,13,1,1,1,0,10
25,13,2,1,1,0,10
26,14,1,1,1,0,10
27,14,2,1,1,0,10
28,15,1,1,1,0,10
29,15,2,1,1,0,10
30,15,3,1,1,0,10
31,16,1,1,1,0,10
32,16,2,1,1,0,10
33,16,3,1,1,0,10
34,17,1,1,1,0,10
35,17,2,1,1,0,10
36,17,3,1,1,0,10
37,18,1,1,1,0,10
38,18,2,1,1,0,10
39,18,3,1,1,0,10
40,19,1,1,1,0,10
41,19,2,1,1,0,10
42,19,3,1,1,0,10
43,20,1,2,1,0,10
44,20,2,2,1,0,10
45,20,3,2,1,0,10
46,20,4,2,1,0,10
47,21,1,2,1,0,10
48,21,2,2,1,0,10
49,21,3,2,1,0,10
50,21,4,2,1,0,10
51,22,1,2,1,0,10
52,22,2,2,1,0,10
53,22,3,2,1,0,10
54,22,4,2,1,0,10
55,23,1,2,1,0,10
56,23,2,2,1,0,10
57,23,3,2,1,0,10
58,23,4,2,1,0,10
59,24,1,2,1,0,10
60,24,2,2,1,0,10
61,24,3,2,1,0,10
62,24,4,2,1,0,10
63,25,1,2,1,0,10
64,25,2,2,1,0,10
65,25,3,2,1,0,10
66,25,4,2,1,0,10
67,25,5,2,1,3,10
68,26,1,2,1,0,10
69,26,2,2,1,0,10
70,26,3,2,1,0,10
71,26,4,2,1,0,10
72,26,5,2,4,0,10
73,27,1,2,1,0,10
74,27,2,2,1,0,10
75,27,3,2,1,0,10
76,27,4,2,1,0,10
77,27,5,2,1,0,10
78,28,1,2,1,0,10
79,28,2,2,1,0,10
80,28,3,2,1,0,10
81,28,4,2,1,0,10
82,28,5,2,1,0,10
83,29,1,2,1,0,10
84,29,2,2,1,0,10
85,29,3,2,1,0,10
86,29,4,2,1,0,10
87,29,5,2,1,0,10
88,30,1,3,1,0,10
89,30,2,3,1,0,10
90,30,3,3,1,0,10
91,30,4,3,1,0,10
92,30,5,3,1,0,10
93,30,6,3,1,0,10
94,31,1,3,1,0,10
95,31,2,3,1,0,10
96,31,3,3,1,0,10
97,31,4,3,1,0,10
98,31,5,3,1,0,10
99,31,6,3,1,0,10
100,32,1,3,1,0,10
101,32,2,3,1,0,10
102,32,3,3,1,0,10
103,32,4,3,1,0,10
104,32,5,3,1,0,10
105,32,6,3,1,0,10
106,33,1,3,1,0,10
107,33,2,3,1,0,10
108,33,3,3,1,0,10
109,33,4,3,1,0,10
110,33,5,3,1,0,10
111,33,6,3,1,0,10
112,34,1,3,1,0,10
113,34,2,3,1,0,10
114,34,3,3,1,0,10
115,34,4,3,1,0,10
116,34,5,3,2,0,10
117,34,6,3,1,0,10
118,35,1,3,1,0,10
119,35,2,3,1,0,10
120,35,3,3,1,0,10
121,35,4,3,1,0,10
122,35,5,3,1,0,10
123,35,6,3,1,0,10
124,35,7,3,1,0,10
125,36,1,3,1,0,10
126,36,2,3,1,0,10
127,36,3,3,1,0,10
128,36,4,3,1,0,10
129,36,5,3,1,0,10
130,36,6,3,10,1,10
131,36,7,3,1,0,10
132,37,1,3,1,0,10
133,37,2,3,1,0,10
134,37,3,3,1,0,10
135,37,4,3,1,0,10
136,37,5,3,1,0,10
137,37,6,3,1,0,10
138,37,7,3,4,5,10
139,38,1,3,1,0,10
140,38,2,3,1,0,10
141,38,3,3,1,0,10
142,38,4,3,1,0,10
143,38,5,3,1,0,10
144,38,6,3,1,0,10
145,38,7,3,1,0,10
146,39,1,3,1,0,10
147,39,2,3,1,0,10
148,39,3,3,1,0,10
149,39,4,3,1,0,10
150,39,5,3,1,0,10
151,39,6,3,1,0,10
152,39,7,3,2,1,10
153,40,1,4,1,0,10
154,40,2,4,1,0,10
155,40,3,4,1,0,10
156,40,4,4,1,0,10
157,40,5,4,1,0,10
158,40,6,4,1,0,10
159,40,7,4,1,0,10
160,40,8,4,1,0,10
161,41,1,4,1,0,10
162,41,2,4,1,0,10
163,41,3,4,1,0,10
164,41,4,4,1,0,10
165,41,5,4,3,0,10
166,41,6,4,3,5,10
167,41,7,4,2,0,10
168,41,8,4,1,0,10
169,42,1,4,1,0,10
170,42,2,4,1,0,10
171,42,3,4,1,0,10
172,42,4,4,1,0,10
173,42,5,4,1,0,10
174,42,6,4,1,0,10
175,42,7,4,2,0,10
176,42,8,4,1,0,10
177,43,1,4,1,0,10
178,43,2,4,1,0,10
179,43,3,4,1,0,10
180,43,4,4,1,0,10
181,43,5,4,1,0,10
182,43,6,4,1,0,10
183,43,7,4,2,5,10
184,43,8,4,1,0,10
185,44,1,4,1,0,10
186,44,2,4,1,0,10
187,44,3,4,1,0,10
188,44,4,4,1,0,10
189,44,5,4,1,0,10
190,44,6,4,1,0,10
191,44,7,4,1,0,10
192,44,8,4,2,0,10
193,45,1,4,1,0,10
194,45,2,4,1,0,10
195,45,3,4,1,0,10
196,45,4,4,1,0,10
197,45,5,4,1,0,10
198,45,6,4,1,0,10
199,45,7,4,2,0,10
200,45,8,4,1,0,10
201,45,9,4,1,0,10
202,46,1,4,1,0,10
203,46,2,4,1,0,10
204,46,3,4,1,0,10
205,46,4,4,1,0,10
206,46,5,4,1,0,10
207,46,6,4,1,0,10
208,46,7,4,1,0,10
209,46,8,4,1,0,10
210,46,9,4,2,0,10
211,47,1,4,1,0,10
212,47,2,4,1,0,10
213,47,3,4,1,0,10
214,47,4,4,1,0,10
215,47,5,4,1,0,10
216,47,6,4,1,0,10
217,47,7,4,1,0,10
218,47,8,4,1,0,10
219,47,9,4,1,0,10
220,48,1,4,1,0,10
221,48,2,4,1,0,10
222,48,3,4,1,0,10
223,48,4,4,1,0,10
224,48,5,4,1,0,10
225,48,6,4,1,0,10
226,48,7,4,1,0,10
227,48,8,4,1,0,10
228,48,9,4,1,0,10
229,49,1,4,1,0,10
230,49,2,4,1,0,10
231,49,3,4,1,0,10
232,49,4,4,1,0,10
233,49,5,4,1,0,10
234,49,6,4,1,0,10
235,49,7,4,1,0,10
236,49,8,4,10,1,10
237,49,9,4,5,8,10
238,50,1,5,1,0,10
239,50,2,5,1,0,10
240,50,3,5,1,0,10
241,50,4,5,1,0,10
242,50,5,5,1,0,10
243,50,6,5,1,0,10
244,50,7,5,1,0,10
245,50,8,5,1,0,10
246,50,9,5,1,0,10
247,50,10,5,1,0,10
248,51,1,5,1,0,10
249,51,2,5,1,0,10
250,51,3,5,1,0,10
251,51,4,5,1,0,10
252,51,5,5,1,0,10
253,51,6,5,1,0,10
254,51,7,5,1,0,10
255,51,8,5,2,0,10
256,51,9,5,10,2,10
257,51,10,5,2,2,10
258,52,1,5,1,0,10
259,52,2,5,1,0,10
260,52,3,5,1,0,10
261,52,4,5,1,0,10
262,52,5,5,1,0,10
263,52,6,5,1,0,10
264,52,7,5,1,0,10
265,52,8,5,1,0,10
266,52,9,5,1,0,10
267,52,10,5,1,0,10
268,53,1,5,1,0,10
269,53,2,5,1,0,10
270,53,3,5,1,0,10
271,53,4,5,1,0,10
272,53,5,5,1,0,10
273,53,6,5,1,0,10
274,53,7,5,2,0,10
275,53,8,5,2,0,10
276,53,9,5,3,0,10
277,53,10,5,1,1,10
278,54,1,5,1,0,10
279,54,2,5,1,0,10
280,54,3,5,1,0,10
281,54,4,5,1,0,10
282,54,5,5,1,0,10
283,54,6,5,1,0,10
284,54,7,5,1,0,10
285,54,8,5,1,0,10
286,54,9,5,1,0,10
287,54,10,5,3,0,10
288,55,1,5,1,0,10
289,55,2,5,1,0,10
290,55,3,5,1,0,10
291,55,4,5,1,0,10
292,55,5,5,1,0,10
293,55,6,5,1,0,10
294,55,7,5,1,0,10
295,55,8,5,2,0,10
296,55,9,5,2,0,10
297,55,10,5,2,0,10
298,55,11,5,1,0,10
299,56,1,5,1,0,10
300,56,2,5,1,0,10
301,56,3,5,1,0,10
302,56,4,5,1,0,10
303,56,5,5,1,0,10
304,56,6,5,1,0,10
305,56,7,5,2,5,10
306,56,8,5,4,7,10
307,56,9,5,1,0,10
308,56,10,5,2,0,10
309,56,11,5,2,2,10
310,57,1,5,1,0,10
311,57,2,5,1,0,10
312,57,3,5,1,0,10
313,57,4,5,1,0,10
314,57,5,5,1,0,10
315,57,6,5,1,0,10
316,57,7,5,1,0,10
317,57,8,5,1,0,10
318,57,9,5,1,0,10
319,57,10,5,1,0,10
320,57,11,5,3,2,10
321,58,1,5,1,0,10
322,58,2,5,1,0,10
323,58,3,5,1,0,10
324,58,4,5,1,0,10
325,58,5,5,1,0,10
326,58,6,5,1,0,10
327,58,7,5,1,0,10
328,58,8,5,1,0,10
329,58,9,5,1,0,10
330,58,10,5,1,0,10
331,58,11,5,2,0,10
332,59,1,5,1,0,10
333,59,2,5,1,0,10
334,59,3,5,1,0,10
335,59,4,5,1,0,10
336,59,5,5,1,0,10
337,59,6,5,1,0,10
338,59,7,5,1,0,10
339,59,8,5,1,0,10
340,59,9,5,1,0,10
341,59,10,5,1,0,10
342,59,11,5,3,4,10
343,60,1,6,1,0,10
344,60,2,6,1,0,10
345,60,3,6,1,0,10
346,60,4,6,1,0,10
347,60,5,6,1,0,10
348,60,6,6,1,0,10
349,60,7,6,1,0,10
350,60,8,6,1,0,10
351,60,9,6,1,0,10
352,60,10,6,1,0,10
353,60,11,6,1,0,10
354,60,12,6,2,0,10
355,61,1,6,1,0,10
356,61,2,6,1,0,10
357,61,3,6,1,0,10
358,61,4,6,1,0,10
359,61,5,6,1,0,10
360,61,6,6,1,0,10
361,61,7,6,1,0,10
362,61,8,6,1,1,10
363,61,9,6,1,0,10
364,61,10,6,1,0,10
365,61,11,6,1,0,10
366,61,12,6,5,11,10
367,62,1,6,1,0,10
368,62,2,6,1,0,10
369,62,3,6,1,0,10
370,62,4,6,1,0,10
371,62,5,6,1,0,10
372,62,6,6,1,0,10
373,62,7,6,1,0,10
374,62,8,6,1,0,10
375,62,9,6,1,0,10
376,62,10,6,2,0,10
377,62,11,6,4,0,10
378,62,12,6,1,0,10
379,63,1,6,1,0,10
380,63,2,6,1,0,10
381,63,3,6,1,0,10
382,63,4,6,1,0,10
383,63,5,6,1,0,10
384,63,6,6,1,0,10
385,63,7,6,1,0,10
386,63,8,6,1,0,10
387,63,9,6,1,1,10
388,63,10,6,1,0,10
389,63,11,6,5,5,10
390,63,12,6,7,19,10
391,64,1,6,1,0,10
392,64,2,6,1,0,10
393,64,3,6,1,0,10
394,64,4,6,1,0,10
395,64,5,6,1,0,10
396,64,6,6,1,0,10
397,64,7,6,1,0,10
398,64,8,6,1,0,10
399,64,9,6,1,0,10
400,64,10,6,1,0,10
401,64,11,6,2,0,10
402,64,12,6,5,5,10
403,65,1,6,1,0,10
404,65,2,6,1,0,10
405,65,3,6,1,0,10
406,65,4,6,1,0,10
407,65,5,6,1,0,10
408,65,6,6,1,0,10
409,65,7,6,1,0,10
410,65,8,6,1,0,10
411,65,9,6,4,13,10
412,65,10,6,1,0,10
413,65,11,6,1,3,10
414,65,12,6,1,0,10
415,65,13,6,3,4,10
416,66,1,6,1,0,10
417,66,2,6,1,0,10
418,66,3,6,1,0,10
419,66,4,6,1,0,10
420,66,5,6,1,0,10
421,66,6,6,1,0,10
422,66,7,6,1,0,10
423,66,8,6,1,0,10
424,66,9,6,1,0,10
425,66,10,6,1,0,10
426,66,11,6,1,0,10
427,66,12,6,3,0,10
428,66,13,6,7,11,10
429,67,1,6,1,0,10
430,67,2,6,1,0,10
431,67,3,6,1,0,10
432,67,4,6,1,0,10
433,67,5,6,1,0,10
434,67,6,6,1,0,10
435,67,7,6,1,0,10
436,67,8,6,1,0,10
437,67,9,6,2,0,10
438,67,10,6,1,0,10
439,67,11,6,1,0,10
440,67,12,6,4,6,10
441,67,13,6,4,1,10
442,68,1,6,1,0,10
443,68,2,6,1,0,10
444,68,3,6,1,0,10
445,68,4,6,1,0,10
446,68,5,6,1,0,10
447,68,6,6,1,0,10
448,68,7,6,1,0,10
449,68,8,6,1,0,10
450,68,9,6,1,0,10
451,68,10,6,1,0,10
452,68,11,6,2,0,10
453,68,12,6,3,6,10
454,68,13,6,3,5,10
455,69,1,6,1,0,10
456,69,2,6,1,0,10
457,69,3,6,1,0,10
458,69,4,6,1,0,10
459,69,5,6,1,0,10
460,69,6,6,1,0,10
461,69,7,6,1,0,10
462,69,8,6,2,0,10
463,69,9,6,1,0,10
464,69,10,6,1,0,10
465,69,11,6,1,0,10
466,69,12,6,2,0,10
467,69,13,6,1,0,10
468,70,1,7,1,0,10
469,70,2,7,1,0,10
470,70,3,7,1,0,10
471,70,4,7,1,0,10
472,70,5,7,1,0,10
473,70,6,7,1,0,10
474,70,7,7,1,0,10
475,70,8,7,1,0,10
476,70,9,7,1,0,10
477,70,10,7,1,0,10
478,70,11,7,1,0,10
479,70,12,7,2,0,10
480,70,13,7,1,0,10
481,70,14,7,10,4,10
482,71,1,7,1,0,10
483,71,2,7,1,0,10
484,71,3,7,1,0,10
485,71,4,7,1,0,10
486,71,5,7,1,0,10
487,71,6,7,1,0,10
488,71,7,7,1,0,10
489,71,8,7,1,0,10
490,71,9,7,2,0,10
491,71,10,7,1,0,10
492,71,11,7,3,0,10
493,71,12,7,10,1,10
494,71,13,7,1,0,10
495,71,14,7,2,0,10
496,72,1,7,1,0,10
497,72,2,7,1,0,10
498,72,3,7,1,0,10
499,72,4,7,1,0,10
500,72,5,7,1,0,10
501,72,6,7,1,0,10
502,72,7,7,1,0,10
503,72,8,7,1,0,10
504,72,9,7,2,0,10
505,72,10,7,2,0,10
506,72,11,7,1,0,10
507,72,12,7,5,7,10
508,72,13,7,2,0,10
509,72,14,7,1,0,10
510,73,1,7,1,0,10
511,73,2,7,1,0,10
512,73,3,7,1,0,10
513,73,4,7,1,0,10
514,73,5,7,1,0,10
515,73,6,7,1,0,10
516,73,7,7,1,0,10
517,73,8,7,1,0,10
518,73,9,7,1,0,10
519,73,10,7,3,0,10
520,73,11,7,2,0,10
521,73,12,7,2,0,10
522,73,13,7,10,2,10
523,73,14,7,2,0,10
524,74,1,7,1,0,10
525,74,2,7,1,0,10
526,74,3,7,1,0,10
527,74,4,7,1,0,10
528,74,5,7,1,0,10
529,74,6,7,1,0,10
530,74,7,7,1,0,10
531,74,8,7,1,0,10
532,74,9,7,1,0,10
533,74,10,7,1,0,10
534,74,11,7,1,0,10
535,74,12,7,5,7,10
536,74,13,7,3,6,10
537,74,14,7,2,0,10
538,75,1,7,1,0,10
539,75,2,7,1,0,10
540,75,3,7,1,0,10
541,75,4,7,1,0,10
542,75,5,7,1,0,10
543,75,6,7,1,0,10
544,75,7,7,1,0,10
545,75,8,7,2,0,10
546,75,9,7,1,0,10
547,75,10,7,1,0,10
548,75,11,7,1,0,10
549,75,12,7,10,6,10
550,75,13,7,1,0,10
551,75,14,7,7,10,10
552,75,15,7,1,0,10
553,76,1,7,1,0,10
554,76,2,7,1,0,10
555,76,3,7,1,0,10
556,76,4,7,1,0,10
557,76,5,7,1,0,10
558,76,6,7,1,0,10
559,76,7,7,1,0,10
560,76,8,7,1,0,10
561,76,9,7,2,3,10
562,76,10,7,2,0,10
563,76,11,7,1,0,10
564,76,12,7,10,2,10
565,76,13,7,2,0,10
566,76,14,7,2,0,10
567,76,15,7,4,3,10
568,77,1,7,1,0,10
569,77,2,7,1,0,10
570,77,3,7,1,0,10
571,77,4,7,1,0,10
572,77,5,7,1,0,10
573,77,6,7,1,0,10
574,77,7,7,1,0,10
575,77,8,7,1,0,10
576,77,9,7,1,0,10
577,77,10,7,1,0,10
578,77,11,7,1,0,10
579,77,12,7,2,0,10
580,77,13,7,2,0,10
581,77,14,7,2,0,10
582,77,15,7,2,2,10
583,78,1,7,1,0,10
584,78,2,7,1,0,10
585,78,3,7,1,0,10
586,78,4,7,1,0,10
587,78,5,7,1,0,10
588,78,6,7,1,0,10
589,78,7,7,1,0,10
590,78,8,7,1,0,10
591,78,9,7,1,0,10
592,78,10,7,1,0,10
593,78,11,7,1,0,10
594,78,12,7,1,0,10
595,78,13,7,1,0,10
596,78,14,7,1,0,10
597,78,15,7,10,23,10
598,79,1,7,1,0,10
599,79,2,7,1,0,10
600,79,3,7,1,0,10
601,79,4,7,1,0,10
602,79,5,7,1,0,10
603,79,6,7,1,0,10
604,79,7,7,1,0,10
605,79,8,7,1,0,10
606,79,9,7,1,0,10
607,79,10,7,1,0,10
608,79,11,7,1,0,10
609,79,12,7,2,0,10
610,79,13,7,2,2,10
611,79,14,7,2,2,10
612,79,15,7,1,0,10
613,80,1,8,1,0,10
614,80,2,8,1,0,10
615,80,3,8,1,0,10
616,80,4,8,1,0,10
617,80,5,8,1,0,10
618,80,6,8,1,0,10
619,80,7,8,1,0,10
620,80,8,8,1,0,10
621,80,9,8,1,0,10
622,80,10,8,1,0,10
623,80,11,8,1,0,10
624,80,12,8,1,0,10
625,80,13,8,3,0,10
626,80,14,8,2,0,10
627,80,15,8,10,5,10
628,80,16,8,4,19,10
629,81,1,8,1,0,10
630,81,2,8,1,0,10
631,81,3,8,1,0,10
632,81,4,8,1,0,10
633,81,5,8,1,0,10
634,81,6,8,1,0,10
635,81,7,8,1,0,10
636,81,8,8,2,1,10
637,81,9,8,1,0,10
638,81,10,8,2,0,10
639,81,11,8,1,0,10
640,81,12,8,1,0,10
641,81,13,8,3,5,10
642,81,14,8,3,0,10
643,81,15,8,2,1,10
644,81,16,8,4,17,10
645,82,1,8,1,0,10
646,82,2,8,1,0,10
647,82,3,8,1,0,10
648,82,4,8,1,0,10
649,82,5,8,1,0,10
650,82,6,8,1,0,10
651,82,7,8,1,0,10
652,82,8,8,1,0,10
653,82,9,8,2,0,10
654,82,10,8,1,0,10
655,82,11,8,2,1,10
656,82,12,8,1,0,10
657,82,13,8,3,1,10
658,82,14,8,1,1,10
659,82,15,8,3,3,10
660,82,16,8,10,22,10
661,83,1,8,1,0,10
662,83,2,8,1,0,10
663,83,3,8,1,0,10
664,83,4,8,1,0,10
665,83,5,8,1,0,10
666,83,6,8,1,0,10
667,83,7,8,1,0,10
668,83,8,8,2,0,10
669,83,9,8,1,0,10
670,83,10,8,3,0,10
671,83,11,8,2,0,10
672,83,12,8,1,0,10
673,83,13,8,1,0,10
674,83,14,8,3,5,10
675,83,15,8,2,0,10
676,83,16,8,1,0,10
677,84,1,8,1,0,10
678,84,2,8,1,0,10
679,84,3,8,1,0,10
680,84,4,8,1,0,10
681,84,5,8,1,0,10
682,84,6,8,1,0,10
683,84,7,8,1,0,10
684,84,8,8,1,0,10
685,84,9,8,2,0,10
686,84,10,8,1,0,10
687,84,11,8,10,2,10
688,84,12,8,2,0,10
689,84,13,8,1,0,10
690,84,14,8,2,0,10
691,84,15,8,2,0,10
692,84,16,8,3,0,10
693,85,1,8,1,0,10
694,85,2,8,1,0,10
695,85,3,8,1,0,10
696,85,4,8,1,0,10
697,85,5,8,1,0,10
698,85,6,8,1,0,10
699,85,7,8,1,0,10
700,85,8,8,1,0,10
701,85,9,8,1,0,10
702,85,10,8,1,0,10
703,85,11,8,1,0,10
704,85,12,8,1,0,10
705,85,13,8,1,0,10
706,85,14,8,1,0,10
707,85,15,8,1,0,10
708,85,16,8,7,10,10
709,85,17,8,3,0,10
710,86,1,8,1,0,10
711,86,2,8,1,0,10
712,86,3,8,1,0,10
713,86,4,8,1,0,10
714,86,5,8,1,0,10
715,86,6,8,1,0,10
716,86,7,8,1,0,10
717,86,8,8,3,6,10
718,86,9,8,1,0,10
719,86,10,8,1,0,10
720,86,11,8,3,0,10
721,86,12,8,1,0,10
722,86,13,8,6,0,10
723,86,14,8,4,3,10
724,86,15,8,2,0,10
725,86,16,8,7,19,10
726,86,17,8,2,1,10
727,87,1,8,1,0,10
728,87,2,8,1,0,10
729,87,3,8,1,0,10
730,87,4,8,1,0,10
731,87,5,8,1,0,10
732,87,6,8,1,0,10
733,87,7,8,1,0,10
734,87,8,8,1,0,10
735,87,9,8,1,0,10
736,87,10,8,2,0,10
737,87,11,8,1,0,10
738,87,12,8,10,22,10
739,87,13,8,1,0,10
740,87,14,8,1,0,10
741,87,15,8,1,0,10
742,87,16,8,2,0,10
743,87,17,8,1,0,10
744,88,1,8,1,0,10
745,88,2,8,1,0,10
746,88,3,8,1,0,10
747,88,4,8,1,0,10
748,88,5,8,1,0,10
749,88,6,8,1,0,10
750,88,7,8,1,0,10
751,88,8,8,1,0,10
752,88,9,8,1,0,10
753,88,10,8,1,0,10
754,88,11,8,2,1,10
755,88,12,8,1,0,10
756,88,13,8,1,0,10
757,88,14,8,2,0,10
758,88,15,8,1,0,10
759,88,16,8,2,0,10
760,88,17,8,2,0,10
761,89,1,8,1,0,10
762,89,2,8,1,0,10
763,89,3,8,1,0,10
764,89,4,8,1,0,10
765,89,5,8,1,0,10
766,89,6,8,1,0,10
767,89,7,8,1,0,10
768,89,8,8,1,0,10
769,89,9,8,1,0,10
770,89,10,8,1,0,10
771,89,11,8,1,0,10
772,89,12,8,1,0,10
773,89,13,8,1,0,10
774,89,14,8,3,0,10
775,89,15,8,2,0,10
776,89,16,8,3,0,10
777,89,17,8,2,0,10
778,90,1,9,1,0,10
779,90,2,9,1,0,10
780,90,3,9,1,0,10
781,90,4,9,1,0,10
782,90,5,9,1,0,10
783,90,6,9,1,0,10
784,90,7,9,1,0,10
785,90,8,9,1,0,10
786,90,9,9,1,0,10
787,90,10,9,2,0,10
788,90,11,9,1,0,10
789,90,12,9,1,0,10
790,90,13,9,10,1,10
791,90,14,9,2,1,10
792,90,15,9,2,0,10
793,90,16,9,10,28,10
794,90,17,9,1,0,10
795,90,18,9,9,17,10
796,91,1,9,1,0,10
797,91,2,9,1,0,10
798,91,3,9,1,0,10
799,91,4,9,1,0,10
800,91,5,9,1,0,10
801,91,6,9,1,0,10
802,91,7,9,1,0,10
803,91,8,9,1,0,10
804,91,9,9,1,0,10
805,91,10,9,1,0,10
806,91,11,9,1,0,10
807,91,12,9,1,0,10
808,91,13,9,1,0,10
809,91,14,9,1,0,10
810,91,15,9,1,1,10
811,91,16,9,2,1,10
812,91,17,9,1,0,10
813,91,18,9,3,0,10
814,92,1,9,1,0,10
815,92,2,9,1,0,10
816,92,3,9,1,0,10
817,92,4,9,1,0,10
818,92,5,9,1,0,10
819,92,6,9,1,0,10
820,92,7,9,1,0,10
821,92,8,9,1,0,10
822,92,9,9,1,0,10
823,92,10,9,1,0,10
824,92,11,9,10,4,10
825,92,12,9,1,0,10
826,92,13,9,4,0,10
827,92,14,9,2,0,10
828,92,15,9,2,0,10
829,92,16,9,3,0,10
830,92,17,9,2,3,10
831,92,18,9,6,23,10
832,93,1,9,1,0,10
833,93,2,9,1,0,10
834,93,3,9,1,0,10
835,93,4,9,1,0,10
836,93,5,9,1,0,10
837,93,6,9,1,0,10
838,93,7,9,1,0,10
839,93,8,9,1,0,10
840,93,9,9,1,0,10
841,93,10,9,2,0,10
842,93,11,9,1,0,10
843,93,12,9,1,0,10
844,93,13,9,2,0,10
845,93,14,9,1,0,10
846,93,15,9,1,0,10
847,93,16,9,2,0,10
848,93,17,9,2,0,10
849,93,18,9,9,20,10
850,94,1,9,1,0,10
851,94,2,9,1,0,10
852,94,3,9,1,0,10
853,94,4,9,1,0,10
854,94,5,9,1,0,10
855,94,6,9,1,0,10
856,94,7,9,1,0,10
857,94,8,9,1,0,10
858,94,9,9,1,0,10
859,94,10,9,1,0,10
860,94,11,9,1,0,10
861,94,12,9,6,21,10
862,94,13,9,1,0,10
863,94,14,9,2,1,10
864,94,15,9,1,0,10
865,94,16,9,3,2,10
866,94,17,9,10,17,10
867,94,18,9,3,5,10
868,95,1,9,1,0,10
869,95,2,9,1,0,10
870,95,3,9,1,0,10
871,95,4,9,1,0,10
872,95,5,9,1,0,10
873,95,6,9,1,0,10
874,95,7,9,1,0,10
875,95,8,9,1,0,10
876,95,9,9,1,0,10
877,95,10,9,2,0,10
878,95,11,9,3,0,10
879,95,12,9,3,0,10
880,95,13,9,3,0,10
881,95,14,9,1,0,10
882,95,15,9,2,0,10
883,95,16,9,2,0,10
884,95,17,9,3,0,10
885,95,18,9,4,4,10
886,95,19,9,10,2,10
887,96,1,9,1,0,10
888,96,2,9,1,0,10
889,96,3,9,1,0,10
890,96,4,9,1,0,10
891,96,5,9,1,0,10
892,96,6,9,1,0,10
893,96,7,9,1,0,10
894,96,8,9,1,0,10
895,96,9,9,1,0,10
896,96,10,9,1,0,10
897,96,11,9,1,0,10
898,96,12,9,3,0,10
899,96,13,9,10,17,10
900,96,14,9,1,0,10
901,96,15,9,2,0,10
902,96,16,9,5,11,10
903,96,17,9,3,0,10
904,96,18,9,3,2,10
905,96,19,9,4,0,10
906,97,1,9,1,0,10
907,97,2,9,1,0,10
908,97,3,9,1,0,10
909,97,4,9,1,0,10
910,97,5,9,1,0,10
911,97,6,9,1,0,10
912,97,7,9,1,0,10
913,97,8,9,1,0,10
914,97,9,9,1,0,10
915,97,10,9,2,0,10
916,97,11,9,1,0,10
917,97,12,9,2,0,10
918,97,13,9,1,0,10
919,97,14,9,1,0,10
920,97,15,9,10,1,10
921,97,16,9,1,0,10
922,97,17,9,2,0,10
923,97,18,9,1,0,10
924,97,19,9,2,1,10
925,98,1,9,1,0,10
926,98,2,9,1,0,10
927,98,3,9,1,0,10
928,98,4,9,1,0,10
929,98,5,9,1,0,10
930,98,6,9,1,0,10
931,98,7,9,1,0,10
932,98,8,9,1,0,10
933,98,9,9,1,0,10
934,98,10,9,1,0,10
935,98,11,9,1,0,10
936,98,12,9,1,0,10
937,98,13,9,10,6,10
938,98,14,9,1,0,10
939,98,15,9,2,0,10
940,98,16,9,3,3,10
941,98,17,9,10,28,10
942,98,18,9,10,16,10
943,98,19,9,3,4,10
944,99,1,9,1,0,10
945,99,2,9,1,0,10
946,99,3,9,1,0,10
947,99,4,9,1,0,10
948,99,5,9,1,0,10
949,99,6,9,1,0,10
950,99,7,9,1,0,10
951,99,8,9,1,0,10
952,99,9,9,1,0,10
953,99,10,9,1,0,10
954,99,11,9,1,0,10
955,99,12,9,1,0,10
956,99,13,9,2,2,10
957,99,14,9,2,0,10
958,99,15,9,1,0,10
959,99,16,9,1,0,10
960,99,17,9,2,0,10
961,99,18,9,3,10,10
962,99,19,9,1,0,10
963,100,1,10,1,0,10
964,100,2,10,1,0,10
965,100,3,10,1,0,10
966,100,4,10,1,0,10
967,100,5,10,1,0,10
968,100,6,10,1,0,10
969,100,7,10,1,0,10
970,100,8,10,1,0,10
971,100,9,10,1,0,10
972,100,10,10,2,0,10
973,100,11,10,2,0,10
974,100,12,10,1,0,10
975,100,13,10,2,1,10
976,100,14,10,1,0,10
977,100,15,10,3,0,10
978,100,16,10,4,0,10
979,100,17,10,4,6,10
980,100,18,10,10,26,10
981,100,19,10,2,4,10
982,100,20,10,3,4,10
983,101,1,10,1,0,10
984,101,2,10,1,0,10
985,101,3,10,1,0,10
986,101,4,10,1,0,10
987,101,5,10,1,0,10
988,101,6,10,1,0,10
989,101,7,10,1,0,10
990,101,8,10,1,0,10
991,101,9,10,1,0,10
992,101,10,10,1,0,10
993,101,11,10,1,0,10
994,101,12,10,1,0,10
995,101,13,10,1,0,10
996,101,14,10,3,3,10
997,101,15,10,2,0,10
998,101,16,10,1,0,10
999,101,17,10,8,15,10
1000,101,18,10,3,0,10
1001,101,19,10,10,1,10
1002,101,20,10,3,0,10
1003,102,1,10,1,0,10
1004,102,2,10,1,0,10
1005,102,3,10,1,0,10
1006,102,4,10,1,0,10
1007,102,5,10,1,0,10
1008,102,6,10,1,0,10
1009,102,7,10,1,0,10
1010,102,8,10,2,0,10
1011,102,9,10,1,0,10
1012,102,10,10,1,0,10
1013,102,11,10,1,0,10
1014,102,12,10,1,0,10
1015,102,13,10,2,0,10
1016,102,14,10,2,0,10
1017,102,15,10,2,0,10
1018,102,16,10,10,21,10
1019,102,17,10,1,1,10
1020,102,18,10,2,0,10
1021,102,19,10,2,2,10
1022,102,20,10,4,5,10
1023,103,1,10,1,0,10
1024,103,2,10,1,0,10
1025,103,3,10,1,0,10
1026,103,4,10,1,0,10
1027,103,5,10,1,0,10
1028,103,6,10,1,0,10
1029,103,7,10,1,0,10
1030,103,8,10,1,0,10
1031,103,9,10,1,0,10
1032,103,10,10,1,0,10
1033,103,11,10,1,0,10
1034,103,12,10,1,0,10
1035,103,13,10,2,0,10
1036,103,14,10,1,0,10
1037,103,15,10,7,22,10
1038,103,16,10,7,22,10
1039,103,17,10,2,2,10
1040,103,18,10,1,0,10
1041,103,19,10,1,0,10
1042,103,20,10,4,0,10
1043,104,1,10,1,0,10
1044,104,2,10,1,0,10
1045,104,3,10,1,0,10
1046,104,4,10,1,0,10
1047,104,5,10,1,0,10
1048,104,6,10,1,0,10
1049,104,7,10,1,0,10
1050,104,8,10,1,0,10
1051,104,9,10,1,0,10
1052,104,10,10,1,0,10
1053,104,11,10,1,0,10
1054,104,12,10,1,0,10
1055,104,13,10,1,0,10
1056,104,14,10,1,1,10
1057,104,15,10,10,21,10
1058,104,16,10,3,0,10
1059,104,17,10,10,2,10
1060,104,18,10,5,12,10
1061,104,19,10,2,0,10
1062,104,20,10,5,0,10
1063,105,1,10,1,0,10
1064,105,2,10,1,0,10
1065,105,3,10,1,0,10
1066,105,4,10,1,0,10
1067,105,5,10,1,0,10
1068,105,6,10,1,0,10
1069,105,7,10,1,0,10
1070,105,8,10,1,0,10
1071,105,9,10,1,0,10
1072,105,10,10,1,0,10
1073,105,11,10,1,0,10
1074,105,12,10,1,0,10
1075,105,13,10,2,0,10
1076,105,14,10,1,0,10
1077,105,15,10,2,0,10
1078,105,16,10,3,3,10
1079,105,17,10,1,0,10
1080,105,18,10,10,33,10
1081,105,19,10,3,0,10
1082,105,20,10,4,3,10
1083,105,21,10,1,0,10
1084,106,1,10,1,0,10
1085,106,2,10,1,0,10
1086,106,3,10,1,0,10
1087,106,4,10,1,0,10
1088,106,5,10,1,0,10
1089,106,6,10,1,0,10
1090,106,7,10,1,0,10
1091,106,8,10,1,0,10
1092,106,9,10,1,0,10
1093,106,10,10,1,0,10
1094,106,11,10,1,0,10
1095,106,12,10,1,0,10
1096,106,13,10,1,0,10
1097,106,14,10,4,1,10
1098,106,15,10,1,0,10
1099,106,16,10,1,0,10
1100,106,17,10,2,0,10
1101,106,18,10,4,3,10
1102,106,19,10,2,0,10
1103,106,20,10,9,19,10
1104,106,21,10,4,0,10
1105,107,1,10,1,0,10
1106,107,2,10,1,0,10
1107,107,3,10,1,0,10
1108,107,4,10,1,0,10
1109,107,5,10,1,0,10
1110,107,6,10,1,0,10
1111,107,7,10,1,0,10
1112,107,8,10,1,0,10
1113,107,9,10,1,0,10
1114,107,10,10,1,0,10
1115,107,11,10,1,0,10
1116,107,12,10,1,0,10
1117,107,13,10,3,2,10
1118,107,14,10,2,0,10
1119,107,15,10,1,0,10
1120,107,16,10,1,0,10
1121,107,17,10,1,0,10
1122,107,18,10,2,0,10
1123,107,19,10,10,12,10
1124,107,20,10,6,9,10
1125,107,21,10,8,18,10
1126,108,1,10,1,0,10
1127,108,2,10,1,0,10
1128,108,3,10,1,0,10
1129,108,4,10,1,0,10
1130,108,5,10,1,0,10
1131,108,6,10,1,0,10
1132,108,7,10,1,0,10
1133,108,8,10,1,0,10
1134,108,9,10,1,0,10
1135,108,10,10,1,0,10
1136,108,11,10,1,0,10
1137,108,12,10,1,0,10
1138,108,13,10,1,0,10
1139,108,14,10,2,0,10
1140,108,15,10,2,0,10
1141,108,16,10,3,2,10
1142,108,17,10,2,1,10
1143,108,18,10,1,0,10
1144,108,19,10,9,19,10
1145,108,20,10,10,31,10
1146,108,21,10,3,3,10
1147,109,1,10,1,0,10
1148,109,2,10,1,0,10
1149,109,3,10,1,0,10
1150,109,4,10,1,0,10
1151,109,5,10,1,0,10
1152,109,6,10,1,0,10
1153,109,7,10,1,0,10
1154,109,8,10,1,0,10
1155,109,9,10,1,0,10
1156,109,10,10,1,0,10
1157,109,11,10,1,0,10
1158,109,12,10,1,0,10
1159,109,13,10,2,0,10
1160,109,14,10,1,0,10
1161,109,15,10,10,5,10
1162,109,16,10,2,0,10
1163,109,17,10,10,1,10
1164,109,18,10,9,23,10
1165,109,19,10,1,0,10
1166,109,20,10,2,0,10
1167,109,21,10,2,0,10
1168,110,1,11,1,0,10
1169,110,2,11,1,0,10
1170,110,3,11,1,0,10
1171,110,4,11,1,0,10
1172,110,5,11,1,0,10
1173,110,6,11,1,0,10
1174,110,7,11,1,0,10
1175,110,8,11,1,0,10
1176,110,9,11,1,0,10
1177,110,10,11,1,0,10
1178,110,11,11,1,0,10
1179,110,12,11,1,0,10
1180,110,13,11,1,0,10
1181,110,14,11,1,0,10
1182,110,15,11,2,0,10
1183,110,16,11,2,0,10
1184,110,17,11,1,0,10
1185,110,18,11,2,6,10
1186,110,19,11,2,1,10
1187,110,20,11,10,17,10
1188,110,21,11,3,2,10
1189,110,22,11,5,13,10
1190,111,1,11,1,0,10
1191,111,2,11,1,0,10
1192,111,3,11,1,0,10
1193,111,4,11,1,0,10
1194,111,5,11,1,0,10
1195,111,6,11,1,0,10
1196,111,7,11,1,0,10
1197,111,8,11,1,0,10
1198,111,9,11,1,0,10
1199,111,10,11,1,0,10
1200,111,11,11,1,0,10
1201,111,12,11,1,0,10
1202,111,13,11,3,4,10
1203,111,14,11,1,0,10
1204,111,15,11,10,3,10
1205,111,16,11,2,0,10
1206,111,17,11,2,0,10
1207,111,18,11,3,3,10
1208,111,19,11,2,1,10
1209,111,20,11,10,33,10
1210,111,21,11,1,0,10
1211,111,22,11,3,10,10
1212,112,1,11,1,0,10
1213,112,2,11,1,0,10
1214,112,3,11,1,0,10
1215,112,4,11,1,0,10
1216,112,5,11,1,0,10
1217,112,6,11,1,0,10
1218,112,7,11,1,0,10
1219,112,8,11,1,0,10
1220,112,9,11,1,0,10
1221,112,10,11,1,0,10
1222,112,11,11,1,0,10
1223,112,12,11,1,0,10
1224,112,13,11,2,0,10
1225,112,14,11,4,0,10
1226,112,15,11,1,0,10
1227,112,16,11,1,0,10
1228,112,17,11,1,0,10
1229,112,18,11,2,3,10
1230,112,19,11,2,0,10
1231,112,20,11,2,3,10
1232,112,21,11,10,18,10
1233,112,22,11,4,7,10
1234,113,1,11,1,0,10
1235,113,2,11,1,0,10
1236,113,3,11,1,0,10
1237,113,4,11,1,0,10
1238,113,5,11,1,0,10
1239,113,6,11,1,0,10
1240,113,7,11,1,0,10
1241,113,8,11,1,0,10
1242,113,9,11,1,0,10
1243,113,10,11,1,0,10
1244,113,11,11,2,0,10
1245,113,12,11,1,0,10
1246,113,13,11,2,0,10
1247,113,14,11,1,0,10
1248,113,15,11,2,0,10
1249,113,16,11,7,0,10
1250,113,17,11,4,3,10
1251,113,18,11,2,0,10
1252,113,19,11,2,0,10
1253,113,20,11,10,1,10
1254,113,21,11,2,0,10
1255,113,22,11,2,0,10
1256,114,1,11,1,0,10
1257,114,2,11,1,0,10
1258,114,3,11,1,0,10
1259,114,4,11,1,0,10
1260,114,5,11,1,0,10
1261,114,6,11,1,0,10
1262,114,7,11,1,0,10
1263,114,8,11,1,0,10
1264,114,9,11,1,0,10
1265,114,10,11,1,0,10
1266,114,11,11,2,0,10
1267,114,12,11,1,0,10
1268,114,13,11,1,0,10
1269,114,14,11,1,0,10
1270,114,15,11,7,13,10
1271,114,16,11,2,0,10
1272,114,17,11,2,0,10
1273,114,18,11,3,0,10
1274,114,19,11,2,0,10
1275,114,20,11,1,0,10
1276,114,21,11,10,29,10
1277,114,22,11,3,0,10
1278,115,1,11,1,0,10
1279,115,2,11,1,0,10
1280,115,3,11,1,0,10
1281,115,4,11,1,0,10
1282,115,5,11,1,0,10
1283,115,6,11,1,0,10
1284,115,7,11,1,0,10
1285,115,8,11,1,0,10
1286,115,9,11,1,0,10
1287,115,10,11,1,0,10
1288,115,11,11,1,0,10
1289,115,12,11,1,0,10
1290,115,13,11,1,0,10
1291,115,14,11,1,0,10
1292,115,15,11,10,2,10
1293,115,16,11,2,0,10
1294,115,17,11,1,0,10
1295,115,18,11,10,1,10
1296,115,19,11,2,4,10
1297,115,20,11,1,0,10
1298,115,21,11,1,0,10
1299,115,22,11,3,1,10
1300,115,23,11,2,3,10
1301,116,1,11,1,0,10
1302,116,2,11,1,0,10
1303,116,3,11,1,0,10
1304,116,4,11,1,0,10
1305,116,5,11,1,0,10
1306,116,6,11,1,0,10
1307,116,7,11,1,0,10
1308,116,8,11,1,0,10
1309,116,9,11,1,0,10
1310,116,10,11,1,0,10
1311,116,11,11,1,0,10
1312,116,12,11,1,0,10
1313,116,13,11,1,0,10
1314,116,14,11,2,0,10
1315,116,15,11,1,0,10
1316,116,16,11,3,0,10
1317,116,17,11,3,1,10
1318,116,18,11,3,2,10
1319,116,19,11,3,0,10
1320,116,20,11,1,0,10
1321,116,21,11,10,18,10
1322,116,22,11,7,10,10
1323,116,23,11,2,2,10
1324,117,1,11,1,0,10
1325,117,2,11,1,0,10
1326,117,3,11,1,0,10
1327,117,4,11,1,0,10
1328,117,5,11,1,0,10
1329,117,6,11,1,0,10
1330,117,7,11,1,0,10
1331,117,8,11,1,0,10
1332,117,9,11,1,0,10
1333,117,10,11,1,0,10
1334,117,11,11,1,0,10
1335,117,12,11,2,0,10
1336,117,13,11,1,0,10
1337,117,14,11,4,6,10
1338,117,15,11,3,0,10
1339,117,16,11,1,0,10
1340,117,17,11,1,0,10
1341,117,18,11,2,0,10
1342,117,19,11,2,3,10
1343,117,20,11,5,6,10
1344,117,21,11,10,1,10
1345,117,22,11,5,7,10
1346,117,23,11,10,18,10
1347,118,1,11,1,0,10
1348,118,2,11,1,0,10
1349,118,3,11,1,0,10
1350,118,4,11,1,0,10
1351,118,5,11,1,0,10
1352,118,6,11,1,0,10
1353,118,7,11,1,0,10
1354,118,8,11,1,0,10
1355,118,9,11,1,0,10
1356,118,10,11,1,0,10
1357,118,11,11,1,0,10
1358,118,12,11,1,0,10
1359,118,13,11,1,0,10
1360,118,14,11,1,0,10
1361,118,15,11,1,0,10
1362,118,16,11,2,0,10
1363,118,17,11,2,0,10
1364,118,18,11,2,0,10
1365,118,19,11,2,0,10
1366,118,20,11,6,11,10
1367,118,21,11,1,2,10
1368,118,22,11,3,0,10
1369,118,23,11,2,0,10
1370,119,1,11,1,0,10
1371,119,2,11,1,0,10
1372,119,3,11,1,0,10
1373,119,4,11,1,0,10
1374,119,5,11,1,0,10
1375,119,6,11,1,0,10
1376,119,7,11,1,0,10
1377,119,8,11,1,0,10
1378,119,9,11,1,0,10
1379,119,10,11,1,0,10
1380,119,11,11,1,0,10
1381,119,12,11,4,11,10
1382,119,13,11,1,0,10
1383,119,14,11,1,0,10
1384,119,15,11,1,0,10
1385,119,16,11,7,17,10
1386,119,17,11,2,0,10
1387,119,18,11,1,0,10
1388,119,19,11,10,24,10
1389,119,20,11,10,23,10
1390,119,21,11,2,0,10
1391,119,22,11,1,1,10
1392,119,23,11,9,34,10
1393,120,1,12,1,0,10
1394,120,2,12,1,0,10
1395,120,3,12,1,0,10
1396,120,4,12,1,0,10
1397,120,5,12,1,0,10
1398,120,6,12,1,0,10
1399,120,7,12,1,0,10
1400,120,8,12,1,0,10
1401,120,9,12,1,0,10
1402,120,10,12,1,0,10
1403,120,11,12,1,0,10
1404,120,12,12,1,0,10
1405,120,13,12,1,0,10
1406,120,14,12,1,0,10
1407,120,15,12,4,0,10
1408,120,16,12,1,1,10
1409,120,17,12,1,0,10
1410,120,18,12,1,0,10
1411,120,19,12,10,21,10
1412,120,20,12,3,1,10
1413,120,21,12,10,25,10
1414,120,22,12,4,0,10
1415,120,23,12,3,4,10
1416,120,24,12,8,10,10
1417,121,1,12,1,0,10
1418,121,2,12,1,0,10
1419,121,3,12,1,0,10
1420,121,4,12,1,0,10
1421,121,5,12,1,0,10
1422,121,6,12,1,0,10
1423,121,7,12,1,0,10
1424,121,8,12,1,0,10
1425,121,9,12,1,0,10
1426,121,10,12,1,0,10
1427,121,11,12,1,0,10
1428,121,12,12,1,0,10
1429,121,13,12,1,0,10
1430,121,14,12,2,0,10
1431,121,15,12,2,4,10
1432,121,16,12,2,0,10
1433,121,17,12,6,13,10
1434,121,18,12,1,0,10
1435,121,19,12,3,15,10
1436,121,20,12,3,1,10
1437,121,21,12,4,10,10
1438,121,22,12,2,0,10
1439,121,23,12,10,4,10
1440,121,24,12,2,0,10
1441,122,1,12,1,0,10
1442,122,2,12,1,0,10
1443,122,3,12,1,0,10
1444,122,4,12,1,0,10
1445,122,5,12,1,0,10
1446,122,6,12,1,0,10
1447,122,7,12,1,0,10
1448,122,8,12,1,0,10
1449,122,9,12,1,0,10
1450,122,10,12,1,0,10
1451,122,11,12,1,0,10
1452,122,12,12,1,0,10
1453,122,13,12,1,0,10
1454,122,14,12,1,0,10
1455,122,15,12,1,0,10
1456,122,16,12,3,0,10
1457,122,17,12,2,0,10
1458,122,18,12,2,0,10
1459,122,19,12,2,2,10
1460,122,20,12,1,0,10
1461,122,21,12,1,0,10
1462,122,22,12,10,24,10
1463,122,23,12,4,6,10
1464,122,24,12,2,0,10
1465,123,1,12,1,0,10
1466,123,2,12,1,0,10
1467,123,3,12,1,0,10
1468,123,4,12,1,0,10
1469,123,5,12,1,0,10
1470,123,6,12,1,0,10
1471,123,7,12,1,0,10
1472,123,8,12,1,0,10
1473,123,9,12,1,0,10
1474,123,10,12,2,0,10
1475,123,11,12,1,0,10
1476,123,12,12,1,0,10
1477,123,13,12,2,0,10
1478,123,14,12,1,0,10
1479,123,15,12,1,0,10
1480,123,16,12,1,0,10
1481,123,17,12,1,0,10
1482,123,18,12,8,20,10
1483,123,19,12,4,0,10
1484,123,20,12,3,0,10
1485,123,21,12,10,26,10
1486,123,22,12,2,1,10
1487,123,23,12,2,1,10
1488,123,24,12,1,0,10
1489,124,1,12,1,0,10
1490,124,2,12,1,0,10
1491,124,3,12,1,0,10
1492,124,4,12,1,0,10
1493,124,5,12,1,0,10
1494,124,6,12,1,0,10
1495,124,7,12,1,0,10
1496,124,8,12,1,0,10
1497,124,9,12,2,0,10
1498,124,10,12,1,0,10
1499,124,11,12,1,0,10
1500,124,12,12,1,0,10
1501,124,13,12,1,0,10
1502,124,14,12,2,2,10
1503,124,15,12,1,0,10
1504,124,16,12,1,0,10
1505,124,17,12,2,0,10
1506,124,18,12,2,0,10
1507,124,19,12,2,0,10
1508,124,20,12,5,0,10
1509,124,21,12,4,4,10
1510,124,22,12,5,12,10
1511,124,23,12,3,0,10
1512,124,24,12,10,24,10
1513,125,1,12,1,0,10
1514,125,2,12,1,0,10
1515,125,3,12,1,0,10
1516,125,4,12,1,0,10
1517,125,5,12,1,0,10
1518,125,6,12,1,0,10
1519,125,7,12,1,0,10
1520,125,8,12,1,0,10
1521,125,9,12,1,0,10
1522,125,10,12,1,0,10
1523,125,11,12,1,0,10
1524,125,12,12,1,0,10
1525,125,13,12,2,0,10
1526,125,14,12,1,0,10
1527,125,15,12,1,0,10
1528,125,16,12,3,1,10
1529,125,17,12,2,0,10
1530,125,18,12,1,0,10
1531,125,19,12,2,0,10
1532,125,20,12,2,2,10
1533,125,21,12,2,0,10
1534,125,22,12,5,0,10
1535,125,23,12,5,14,10
1536,125,24,12,2,0,10
1537,125,25,12,4,10,10
1538,126,1,12,1,0,10
1539,126,2,12,1,0,10
1540,126,3,12,1,0,10
1541,126,4,12,1,0,10
1542,126,5,12,1,0,10
1543,126,6,12,1,0,10
1544,126,7,12,1,0,10
1545,126,8,12,1,0,10
1546,126,9,12,1,0,10
1547,126,10,12,1,0,10
1548,126,11,12,1,0,10
1549,126,12,12,3,0,10
1550,126,13,12,1,0,10
1551,126,14,12,2,0,10
1552,126,15,12,1,0,10
1553,126,16,12,3,0,10
1554,126,17,12,2,0,10
1555,126,18,12,2,1,10
1556,126,19,12,2,0,10
1557,126,20,12,5,5,10
1558,126,21,12,2,0,10
1559,126,22,12,3,0,10
1560,126,23,12,8,37,10
1561,126,24,12,2,3,10
1562,126,25,12,2,0,10
1563,127,1,12,1,0,10
1564,127,2,12,1,0,10
1565,127,3,12,1,0,10
1566,127,4,12,1,0,10
1567,127,5,12,1,0,10
1568,127,6,12,1,0,10
1569,127,7,12,1,0,10
1570,127,8,12,1,0,10
1571,127,9,12,1,0,10
1572,127,10,12,1,0,10
1573,127,11,12,1,0,10
1574,127,12,12,1,0,10
1575,127,13,12,1,0,10
1576,127,14,12,2,0,10
1577,127,15,12,1,0,10
1578,127,16,12,1,0,10
1579,127,17,12,1,0,10
1580,127,18,12,2,0,10
1581,127,19,12,3,2,10
1582,127,20,12,3,4,10
1583,127,21,12,3,4,10
1584,127,22,12,2,0,10
1585,127,23,12,1,0,10
1586,127,24,12,10,31,10
1587,127,25,12,9,16,10
1588,128,1,12,1,0,10
1589,128,2,12,1,0,10
1590,128,3,12,1,0,10
1591,128,4,12,1,0,10
1592,128,5,12,1,0,10
1593,128,6,12,1,0,10
1594,128,7,12,1,0,10
1595,128,8,12,1,0,10
1596,128,9,12,1,0,10
1597,128,10,12,1,0,10
1598,128,11,12,1,0,10
1599,128,12,12,1,0,10
1600,128,13,12,1,0,10
1601,128,14,12,2,1,10
1602,128,15,12,1,0,10
1603,128,16,12,2,0,10
1604,128,17,12,1,0,10
1605,128,18,12,10,29,10
1606,128,19,12,1,0,10
1607,128,20,12,1,0,10
1608,128,21,12,10,11,10
1609,128,22,12,3,0,10
1610,128,23,12,10,17,10
1611,128,24,12,10,42,10
1612,128,25,12,3,0,10
1613,129,1,12,1,0,10
1614,129,2,12,1,0,10
1615,129,3,12,1,0,10
1616,129,4,12,1,0,10
1617,129,5,12,1,0,10
1618,129,6,12,1,0,10
1619,129,7,12,1,0,10
1620,129,8,12,1,0,10
1621,129,9,12,1,0,10
1622,129,10,12,1,0,10
1623,129,11,12,1,0,10
1624,129,12,12,1,0,10
1625,129,13,12,1,0,10
1626,129,14,12,1,0,10
1627,129,15,12,2,0,10
1628,129,16,12,1,0,10
1629,129,17,12,2,0,10
1630,129,18,12,5,5,10
1631,129,19,12,2,7,10
1632,129,20,12,4,4,10
1633,129,21,12,3,0,10
1634,129,22,12,2,2,10
1635,129,23,12,3,2,10
1636,129,24,12,10,35,10
1637,129,25,12,10,8,10
1638,130,1,13,1,0,10
1639,130,2,13,1,0,10
1640,130,3,13,1,0,10
1641,130,4,13,1,0,10
1642,130,5,13,1,0,10
1643,130,6,13,1,0,10
1644,130,7,13,1,0,10
1645,130,8,13,1,0,10
1646,130,9,13,1,0,10
1647,130,10,13,1,0,10
1648,130,11,13,2,0,10
1649,130,12,13,1,0,10
1650,130,13,13,1,0,10
1651,130,14,13,1,0,10
1652,130,15,13,1,0,10
1653,130,16,13,1,0,10
1654,130,17,13,1,0,10
1655,130,18,13,1,0,10
1656,130,19,13,1,0,10
1657,130,20,13,1,0,10
1658,130,21,13,2,0,10
1659,130,22,13,4,0,10
1660,130,23,13,3,0,10
1661,130,24,13,1,1,10
1662,130,25,13,3,0,10
1663,130,26,13,10,27,10
1664,131,1,13,1,0,10
1665,131,2,13,1,0,10
1666,131,3,13,1,0,10
1667,131,4,13,1,0,10
1668,131,5,13,1,0,10
1669,131,6,13,1,0,10
1670,131,7,13,1,0,10
1671,131,8,13,1,0,10
1672,131,9,13,1,0,10
1673,131,10,13,1,0,10
1674,131,11,13,1,0,10
1675,131,12,13,1,0,10
1676,131,13,13,1,0,10
1677,131,14,13,3,0,10
1678,131,15,13,2,0,10
1679,131,16,13,3,9,10
1680,131,17,13,2,0,10
1681,131,18,13,2,0,10
1682,131,19,13,10,31,10
1683,131,20,13,1,0,10
1684,131,21,13,1,0,10
1685,131,22,13,2,1,10
1686,131,23,13,2,0,10
1687,131,24,13,1,0,10
1688,131,25,13,10,40,10
1689,131,26,13,10,22,10
1690,132,1,13,1,0,10
1691,132,2,13,1,0,10
1692,132,3,13,1,0,10
1693,132,4,13,1,0,10
1694,132,5,13,1,0,10
1695,132,6,13,1,0,10
1696,132,7,13,1,0,10
1697,132,8,13,1,0,10
1698,132,9,13,1,0,10
1699,132,10,13,1,0,10
1700,132,11,13,1,0,10
1701,132,12,13,1,0,10
1702,132,13,13,1,0,10
1703,132,14,13,1,0,10
1704,132,15,13,1,0,10
1705,132,16,13,1,0,10
1706,132,17,13,2,0,10
1707,132,18,13,2,0,10
1708,132,19,13,2,0,10
1709,132,20,13,2,1,10
1710,132,21,13,3,0,10
1711,132,22,13,1,1,10
1712,132,23,13,2,1,10
1713,132,24,13,1,0,10
1714,132,25,13,1,0,10
1715,132,26,13,3,2,10
1716,133,1,13,1,0,10
1717,133,2,13,1,0,10
1718,133,3,13,1,0,10
1719,133,4,13,1,0,10
1720,133,5,13,1,0,10
1721,133,6,13,1,0,10
1722,133,7,13,1,0,10
1723,133,8,13,1,0,10
1724,133,9,13,1,0,10
1725,133,10,13,1,0,10
1726,133,11,13,2,0,10
1727,133,12,13,1,0,10
1728,133,13,13,2,0,10
1729,133,14,13,1,0,10
1730,133,15,13,1,0,10
1731,133,16,13,1,0,10
1732,133,17,13,2,0,10
1733,133,18,13,1,0,10
1734,133,19,13,3,2,10
1735,133,20,13,3,4,10
1736,133,21,13,1,0,10
1737,133,22,13,1,0,10
1738,133,23,13,3,2,10
1739,133,24,13,10,29,10
1740,133,25,13,1,0,10
1741,133,26,13,10,4,10
1742,134,1,13,1,0,10
1743,134,2,13,1,0,10
1744,134,3,13,1,0,10
1745,134,4,13,1,0,10
1746,134,5,13,1,0,10
1747,134,6,13,1,0,10
1748,134,7,13,1,0,10
1749,134,8,13,1,0,10
1750,134,9,13,1,0,10
1751,134,10,13,1,0,10
1752,134,11,13,1,0,10
1753,134,12,13,1,0,10
1754,134,13,13,1,0,10
1755,134,14,13,1,0,10
1756,134,15,13,3,0,10
1757,134,16,13,1,0,10
1758,134,17,13,2,0,10
1759,134,18,13,2,0,10
1760,134,19,13,3,0,10
1761,134,20,13,8,11,10
1762,134,21,13,3,0,10
1763,134,22,13,3,5,10
1764,134,23,13,1,0,10
1765,134,24,13,10,3,10
1766,134,25,13,2,1,10
1767,134,26,13,1,1,10
1768,135,1,13,1,0,10
1769,135,2,13,1,0,10
1770,135,3,13,1,0,10
1771,135,4,13,1,0,10
1772,135,5,13,1,0,10
1773,135,6,13,1,0,10
1774,135,7,13,1,0,10
1775,135,8,13,1,0,10
1776,135,9,13,1,0,10
1777,135,10,13,1,0,10
1778,135,11,13,1,0,10
1779,135,12,13,1,0,10
1780,135,13,13,2,0,10
1781,135,14,13,1,0,10
1782,135,15,13,1,0,10
1783,135,16,13,2,1,10
1784,135,17,13,4,3,10
1785,135,18,13,2,0,10
1786,135,19,13,2,0,10
1787,135,20,13,2,0,10
1788,135,21,13,5,15,10
1789,135,22,13,3,2,10
1790,135,23,13,2,3,10
1791,135,24,13,2,1,10
1792,135,25,13,10,36,10
1793,135,26,13,5,9,10
1794,135,27,13,5,1,10
1795,136,1,13,1,0,10
1796,136,2,13,1,0,10
1797,136,3,13,1,0,10
1798,136,4,13,1,0,10
1799,136,5,13,1,0,10
1800,136,6,13,1,0,10
1801,136,7,13,1,0,10
1802,136,8,13,1,0,10
1803,136,9,13,1,0,10
1804,136,10,13,1,0,10
1805,136,11,13,1,0,10
1806,136,12,13,1,0,10
1807,136,13,13,1,0,10
1808,136,14,13,3,0,10
1809,136,15,13,1,0,10
1810,136,16,13,2,0,10
1811,136,17,13,2,5,10
1812,136,18,13,2,0,10
1813,136,19,13,1,2,10
1814,136,20,13,10,28,10
1815,136,21,13,2,0,10
1816,136,22,13,2,0,10
1817,136,23,13,2,4,10
1818,136,24,13,10,17,10
1819,136,25,13,2,0,10
1820,136,26,13,10,1,10
1821,136,27,13,9,35,10
1822,137,1,13,1,0,10
1823,137,2,13,1,0,10
1824,137,3,13,1,0,10
1825,137,4,13,1,0,10
1826,137,5,13,1,0,10
1827,137,6,13,1,0,10
1828,137,7,13,1,0,10
1829,137,8,13,1,0,10
1830,137,9,13,1,0,10
1831,137,10,13,1,0,10
1832,137,11,13,1,0,10
1833,137,12,13,1,0,10
1834,137,13,13,2,0,10
1835,137,14,13,1,0,10
1836,137,15,13,3,0,10
1837,137,16,13,1,0,10
1838,137,17,13,1,0,10
1839,137,18,13,1,0,10
1840,137,19,13,3,0,10
1841,137,20,13,3,0,10
1842,137,21,13,3,0,10
1843,137,22,13,4,9,10
1844,137,23,13,2,2,10
1845,137,24,13,4,7,10
1846,137,25,13,2,3,10
1847,137,26,13,8,26,10
1848,137,27,13,10,2,10
1849,138,1,13,1,0,10
1850,138,2,13,1,0,10
1851,138,3,13,1,0,10
1852,138,4,13,1,0,10
1853,138,5,13,1,0,10
1854,138,6,13,1,0,10
1855,138,7,13,1,0,10
1856,138,8,13,1,0,10
1857,138,9,13,1,0,10
1858,138,10,13,1,0,10
1859,138,11,13,1,0,10
1860,138,12,13,1,0,10
1861,138,13,13,1,0,10
1862,138,14,13,2,0,10
1863,138,15,13,1,0,10
1864,138,16,13,2,0,10
1865,138,17,13,1,0,10
1866,138,18,13,2,0,10
1867,138,19,13,1,0,10
1868,138,20,13,1,0,10
1869,138,21,13,2,0,10
1870,138,22,13,1,0,10
1871,138,23,13,1,0,10
1872,138,24,13,2,0,10
1873,138,25,13,4,0,10
1874,138,26,13,10,16,10
1875,138,27,13,10,3,10
1876,139,1,13,1,0,10
1877,139,2,13,1,0,10
1878,139,3,13,1,0,10
1879,139,4,13,1,0,10
1880,139,5,13,1,0,10
1881,139,6,13,1,0,10
1882,139,7,13,1,0,10
1883,139,8,13,1,0,10
1884,139,9,13,1,0,10
1885,139,10,13,1,0,10
1886,139,11,13,1,0,10
1887,139,12,13,1,0,10
1888,139,13,13,1,0,10
1889,139,14,13,1,0,10
1890,139,15,13,1,0,10
1891,139,16,13,1,0,10
1892,139,17,13,1,0,10
1893,139,18,13,2,0,10
1894,139,19,13,2,0,10
1895,139,20,13,2,0,10
1896,139,21,13,2,1,10
1897,139,22,13,6,14,10
1898,139,23,13,2,0,10
1899,139,24,13,2,0,10
1900,139,25,13,2,3,10
1901,139,26,13,10,16,10
1902,139,27,13,10,42,10
1903,140,1,14,1,0,10
1904,140,2,14,1,0,10
1905,140,3,14,1,0,10
1906,140,4,14,1,0,10
1907,140,5,14,1,0,10
1908,140,6,14,1,0,10
1909,140,7,14,1,0,10
1910,140,8,14,1,0,10
1911,140,9,14,1,0,10
1912,140,10,14,1,0,10
1913,140,11,14,2,0,10
1914,140,12,14,1,0,10
1915,140,13,14,1,0,10
1916,140,14,14,1,0,10
1917,140,15,14,1,0,10
1918,140,16,14,1,0,10
1919,140,17,14,1,2,10
1920,140,18,14,2,0,10
1921,140,19,14,2,0,10
1922,140,20,14,10,2,10
1923,140,21,14,1,0,10
1924,140,22,14,9,31,10
1925,140,23,14,9,21,10
1926,140,24,14,10,8,10
1927,140,25,14,3,7,10
1928,140,26,14,5,11,10
1929,140,27,14,10,13,10
1930,140,28,14,10,31,10
1931,141,1,14,1,0,10
1932,141,2,14,1,0,10
1933,141,3,14,1,0,10
1934,141,4,14,1,0,10
1935,141,5,14,1,0,10
1936,141,6,14,1,0,10
1937,141,7,14,1,0,10
1938,141,8,14,1,0,10
1939,141,9,14,1,0,10
1940,141,10,14,1,0,10
1941,141,11,14,1,0,10
1942,141,12,14,1,0,10
1943,141,13,14,1,0,10
1944,141,14,14,1,0,10
1945,141,15,14,1,0,10
1946,141,16,14,2,0,10
1947,141,17,14,1,0,10
1948,141,18,14,2,0,10
1949,141,19,14,1,0,10
1950,141,20,14,2,0,10
1951,141,21,14,1,0,10
1952,141,22,14,10,22,10
1953,141,23,14,10,3,10
1954,141,24,14,2,1,10
1955,141,25,14,3,1,10
1956,141,26,14,3,3,10
1957,141,27,14,10,23,10
1958,141,28,14,5,12,10
1959,142,1,14,1,0,10
1960,142,2,14,1,0,10
1961,142,3,14,1,0,10
1962,142,4,14,1,0,10
1963,142,5,14,1,0,10
1964,142,6,14,1,0,10
1965,142,7,14,1,0,10
1966,142,8,14,1,0,10
1967,142,9,14,1,0,10
1968,142,10,14,1,0,10
1969,142,11,14,1,0,10
1970,142,12,14,3,0,10
1971,142,13,14,1,0,10
1972,142,14,14,1,0,10
1973,142,15,14,2,0,10
1974,142,16,14,1,0,10
1975,142,17,14,1,0,10
1976,142,18,14,5,5,10
1977,142,19,14,1,0,10
1978,142,20,14,4,0,10
1979,142,21,14,2,0,10
1980,142,22,14,2,0,10
1981,142,23,14,4,4,10
1982,142,24,14,4,4,10
1983,142,25,14,4,1,10
1984,142,26,14,3,0,10
1985,142,27,14,2,4,10
1986,142,28,14,10,4,10
1987,143,1,14,1,0,10
1988,143,2,14,1,0,10
1989,143,3,14,1,0,10
1990,143,4,14,1,0,10
1991,143,5,14,1,0,10
1992,143,6,14,1,0,10
1993,143,7,14,1,0,10
1994,143,8,14,1,0,10
1995,143,9,14,1,0,10
1996,143,10,14,1,0,10
1997,143,11,14,1,0,10
1998,143,12,14,1,0,10
1999,143,13,14,1,0,10
2000,143,14,14,1,1,10
2001,143,15,14,1,0,10
2002,143,16,14,1,0,10
2003,143,17,14,1,0,10
2004,143,18,14,2,0,10
2005,143,19,14,10,29,10
2006,143,20,14,2,0,10
2007,143,21,14,1,1,10
2008,143,22,14,1,0,10
2009,143,23,14,2,2,10
2010,143,24,14,8,49,10
2011,143,25,14,10,26,10
2012,143,26,14,10,12,10
2013,143,27,14,2,0,10
2014,143,28,14,10,26,10
2015,144,1,14,1,0,10
2016,144,2,14,1,0,10
2017,144,3,14,1,0,10
2018,144,4,14,1,0,10
2019,144,5,14,1,0,10
2020,144,6,14,1,0,10
2021,144,7,14,1,0,10
2022,144,8,14,1,0,10
2023,144,9,14,1,0,10
2024,144,10,14,1,0,10
2025,144,11,14,1,0,10
2026,144,12,14,1,0,10
2027,144,13,14,1,0,10
2028,144,14,14,1,0,10
2029,144,15,14,1,0,10
2030,144,16,14,1,0,10
2031,144,17,14,10,1,10
2032,144,18,14,2,0,10
2033,144,19,14,2,0,10
2034,144,20,14,2,0,10
2035,144,21,14,1,3,10
2036,144,22,14,1,0,10
2037,144,23,14,2,0,10
2038,144,24,14,10,24,10
2039,144,25,14,3,0,10
2040,144,26,14,2,0,10
2041,144,27,14,5,10,10
2042,144,28,14,2,1,10
2043,145,1,14,1,0,10
2044,145,2,14,1,0,10
2045,145,3,14,1,0,10
2046,145,4,14,1,0,10
2047,145,5,14,1,0,10
2048,145,6,14,1,0,10
2049,145,7,14,1,0,10
2050,145,8,14,1,0,10
2051,145,9,14,1,0,10
2052,145,10,14,1,0,10
2053,145,11,14,2,0,10
2054,145,12,14,1,0,10
2055,145,13,14,1,0,10
2056,145,14,14,1,0,10
2057,145,15,14,1,0,10
2058,145,16,14,1,0,10
2059,145,17,14,3,0,10
2060,145,18,14,2,0,10
2061,145,19,14,2,0,10
2062,145,20,14,1,0,10
2063,145,21,14,1,0,10
2064,145,22,14,1,0,10
2065,145,23,14,3,5,10
2066,145,24,14,3,0,10
2067,145,25,14,10,21,10
2068,145,26,14,1,4,10
2069,145,27,14,1,1,10
2070,145,28,14,10,33,10
2071,145,29,14,2,3,10
2072,146,1,14,1,0,10
2073,146,2,14,1,0,10
2074,146,3,14,1,0,10
2075,146,4,14,1,0,10
2076,146,5,14,1,0,10
2077,146,6,14,1,0,10
2078,146,7,14,1,0,10
2079,146,8,14,1,0,10
2080,146,9,14,1,0,10
2081,146,10,14,1,0,10
2082,146,11,14,1,0,10
2083,146,12,14,1,0,10
2084,146,13,14,1,0,10
2085,146,14,14,1,0,10
2086,146,15,14,10,4,10
2087,146,16,14,2,0,10
2088,146,17,14,1,0,10
2089,146,18,14,1,1,10
2090,146,19,14,1,1,10
2091,146,20,14,2,0,10
2092,146,21,14,1,0,10
2093,146,22,14,3,0,10
2094,146,23,14,2,0,10
2095,146,24,14,5,4,10
2096,146,25,14,2,8,10
2097,146,26,14,10,19,10
2098,146,27,14,2,0,10
2099,146,28,14,10,33,10
2100,146,29,14,4,9,10
2101,147,1,14,1,0,10
2102,147,2,14,1,0,10
2103,147,3,14,1,0,10
2104,147,4,14,1,0,10
2105,147,5,14,1,0,10
2106,147,6,14,1,0,10
2107,147,7,14,1,0,10
2108,147,8,14,1,0,10
2109,147,9,14,1,0,10
2110,147,10,14,1,0,10
2111,147,11,14,2,0,10
2112,147,12,14,1,0,10
2113,147,13,14,1,0,10
2114,147,14,14,1,0,10
2115,147,15,14,1,0,10
2116,147,16,14,3,2,10
2117,147,17,14,1,0,10
2118,147,18,14,1,0,10
2119,147,19,14,2,0,10
2120,147,20,14,1,0,10
2121,147,21,14,1,0,10
2122,147,22,14,10,1,10
2123,147,23,14,1,0,10
2124,147,24,14,3,8,10
2125,147,25,14,2,2,10
2126,147,26,14,3,0,10
2127,147,27,14,10,21,10
2128,147,28,14,7,0,10
2129,147,29,14,2,2,10
2130,148,1,14,1,0,10
2131,148,2,14,1,0,10
2132,148,3,14,1,0,10
2133,148,4,14,1,0,10
2134,148,5,14,1,0,10
2135,148,6,14,1,0,10
2136,148,7,14,1,0,10
2137,148,8,14,1,0,10
2138,148,9,14,1,0,10
2139,148,10,14,1,0,10
2140,148,11,14,1,0,10
2141,148,12,14,1,0,10
2142,148,13,14,1,0,10
2143,148,14,14,1,0,10
2144,148,15,14,1,0,10
2145,148,16,14,2,1,10
2146,148,17,14,1,0,10
2147,148,18,14,1,1,10
2148,148,19,14,2,1,10
2149,148,20,14,3,0,10
2150,148,21,14,1,0,10
2151,148,22,14,1,0,10
2152,148,23,14,2,0,10
2153,148,24,14,3,0,10
2154,148,25,14,1,0,10
2155,148,26,14,10,33,10
2156,148,27,14,3,2,10
2157,148,28,14,4,0,10
2158,148,29,14,10,19,10
2159,149,1,14,1,0,10
2160,149,2,14,1,0,10
2161,149,3,14,1,0,10
2162,149,4,14,1,0,10
2163,149,5,14,1,0,10
2164,149,6,14,1,0,10
2165,149,7,14,1,0,10
2166,149,8,14,1,0,10
2167,149,9,14,1,0,10
2168,149,10,14,1,0,10
2169,149,11,14,1,0,10
2170,149,12,14,2,0,10
2171,149,13,14,1,0,10
2172,149,14,14,1,0,10
2173,149,15,14,1,0,10
2174,149,16,14,1,0,10
2175,149,17,14,2,0,10
2176,149,18,14,3,0,10
2177,149,19,14,2,0,10
2178,149,20,14,2,0,10
2179,149,21,14,2,2,10
2180,149,22,14,2,0,10
2181,149,23,14,2,0,10
2182,149,24,14,2,0,10
2183,149,25,14,10,2,10
2184,149,26,14,6,21,10
2185,149,27,14,1,0,10
2186,149,28,14,4,10,10
2187,149,29,14,4,23,10
2188,150,1,15,1,0,10
2189,150,2,15,1,0,10
2190,150,3,15,1,0,10
2191,150,4,15,1,0,10
2192,150,5,15,1,0,10
2193,150,6,15,1,0,10
2194,150,7,15,1,0,10
2195,150,8,15,1,0,10
2196,150,9,15,1,0,10
2197,150,10,15,1,0,10
2198,150,11,15,1,0,10
2199,150,12,15,2,0,10
2200,150,13,15,1,0,10
2201,150,14,15,1,0,10
2202,150,15,15,1,0,10
2203,150,16,15,1,0,10
2204,150,17,15,1,1,10
2205,150,18,15,2,0,10
2206,150,19,15,2,1,10
2207,150,20,15,1,0,10
2208,150,21,15,1,0,10
2209,150,22,15,2,1,10
2210,150,23,15,1,0,10
2211,150,24,15,10,6,10
2212,150,25,15,3,2,10
2213,150,26,15,10,32,10
2214,150,27,15,3,1,10
2215,150,28,15,4,1,10
2216,150,29,15,10,5,10
2217,150,30,15,3,0,10
2218,151,1,15,1,0,10
2219,151,2,15,1,0,10
2220,151,3,15,1,0,10
2221,151,4,15,1,0,10
2222,151,5,15,1,0,10
2223,151,6,15,1,0,10
2224,151,7,15,1,0,10
2225,151,8,15,1,0,10
2226,151,9,15,1,0,10
2227,151,10,15,1,0,10
2228,151,11,15,1,0,10
2229,151,12,15,1,0,10
2230,151,13,15,1,0,10
2231,151,14,15,2,0,10
2232,151,15,15,1,0,10
2233,151,16,15,3,0,10
2234,151,17,15,2,0,10
2235,151,18,15,2,1,10
2236,151,19,15,2,0,10
2237,151,20,15,2,0,10
2238,151,21,15,1,0,10
2239,151,22,15,7,21,10
2240,151,23,15,3,4,10
2241,151,24,15,3,1,10
2242,151,25,15,3,3,10
2243,151,26,15,3,0,10
2244,151,27,15,2,2,10
2245,151,28,15,10,4,10
2246,151,29,15,10,32,10
2247,151,30,15,2,1,10
2248,152,1,15,1,0,10
2249,152,2,15,1,0,10
2250,152,3,15,1,0,10
2251,152,4,15,1,0,10
2252,152,5,15,1,0,10
2253,152,6,15,1,0,10
2254,152,7,15,1,0,10
2255,152,8,15,1,0,10
2256,152,9,15,1,0,10
2257,152,10,15,1,0,10
2258,152,11,15,1,0,10
2259,152,12,15,2,0,10
2260,152,13,15,1,0,10
2261,152,14,15,1,0,10
2262,152,15,15,2,0,10
2263,152,16,15,2,0,10
2264,152,17,15,2,2,10
2265,152,18,15,3,0,10
2266,152,19,15,1,0,10
2267,152,20,15,1,0,10
2268,152,21,15,2,0,10
2269,152,22,15,10,35,10
2270,152,23,15,3,0,10
2271,152,24,15,5,20,10
2272,152,25,15,2,1,10
2273,152,26,15,9,27,10
2274,152,27,15,2,5,10
2275,152,28,15,4,5,10
2276,152,29,15,9,24,10
2277,152,30,15,10,37,10
2278,153,1,15,1,0,10
2279,153,2,15,1,0,10
2280,153,3,15,1,0,10
2281,153,4,15,1,0,10
2282,153,5,15,1,0,10
2283,153,6,15,1,0,10
2284,153,7,15,1,0,10
2285,153,8,15,1,0,10
2286,153,9,15,1,0,10
2287,153,10,15,1,0,10
2288,153,11,15,1,0,10
2289,153,12,15,2,0,10
2290,153,13,15,1,0,10
2291,153,14,15,1,0,10
2292,153,15,15,1,0,10
2293,153,16,15,2,0,10
2294,153,17,15,1,0,10
2295,153,18,15,2,0,10
2296,153,19,15,1,0,10
2297,153,20,15,10,2,10
2298,153,21,15,3,3,10
2299,153,22,15,2,0,10
2300,153,23,15,3,0,10
2301,153,24,15,2,1,10
2302,153,25,15,6,0,10
2303,153,26,15,3,0,10
2304,153,27,15,10,13,10
2305,153,28,15,2,5,10
2306,153,29,15,6,8,10
2307,153,30,15,2,0,10
2308,154,1,15,1,0,10
2309,154,2,15,1,0,10
2310,154,3,15,1,0,10
2311,154,4,15,1,0,10
2312,154,5,15,1,0,10
2313,154,6,15,1,0,10
2314,154,7,15,1,0,10
2315,154,8,15,1,0,10
2316,154,9,15,1,0,10
2317,154,10,15,1,0,10
2318,154,11,15,1,0,10
2319,154,12,15,1,0,10
2320,154,13,15,1,0,10
2321,154,14,15,2,0,10
2322,154,15,15,1,0,10
2323,154,16,15,1,0,10
2324,154,17,15,1,0,10
2325,154,18,15,2,0,10
2326,154,19,15,2,0,10
2327,154,20,15,3,0,10
2328,154,21,15,2,0,10
2329,154,22,15,8,37,10
2330,154,23,15,1,0,10
2331,154,24,15,1,0,10
2332,154,25,15,10,24,10
2333,154,26,15,2,0,10
2334,154,27,15,10,39,10
2335,154,28,15,8,21,10
2336,154,29,15,5,5,10
2337,154,30,15,10,27,10
2338,155,1,15,1,0,10
2339,155,2,15,1,0,10
2340,155,3,15,1,0,10
2341,155,4,15,1,0,10
2342,155,5,15,1,0,10
2343,155,6,15,1,0,10
2344,155,7,15,1,0,10
2345,155,8,15,1,0,10
2346,155,9,15,1,0,10
2347,155,10,15,1,0,10
2348,155,11,15,1,0,10
2349,155,12,15,1,0,10
2350,155,13,15,1,0,10
2351,155,14,15,1,0,10
2352,155,15,15,1,0,10
2353,155,16,15,1,0,10
2354,155,17,15,1,0,10
2355,155,18,15,2,0,10
2356,155,19,15,10,18,10
2357,155,20,15,1,1,10
2358,155,21,15,2,0,10
2359,155,22,15,1,0,10
2360,155,23,15,3,0,10
2361,155,24,15,2,0,10
2362,155,25,15,3,0,10
2363,155,26,15,3,0,10
2364,155,27,15,2,0,10
2365,155,28,15,3,4,10
2366,155,29,15,7,30,10
2367,155,30,15,2,1,10
2368,155,31,15,2,2,10
2369,156,1,15,1,0,10
2370,156,2,15,1,0,10
2371,156,3,15,1,0,10
2372,156,4,15,1,0,10
2373,156,5,15,1,0,10
2374,156,6,15,1,0,10
2375,156,7,15,1,0,10
2376,156,8,15,1,0,10
2377,156,9,15,1,0,10
2378,156,10,15,1,0,10
2379,156,11,15,3,0,10
2380,156,12,15,3,0,10
2381,156,13,15,1,0,10
2382,156,14,15,1,0,10
2383,156,15,15,1,0,10
2384,156,16,15,1,0,10
2385,156,17,15,2,1,10
2386,156,18,15,3,0,10
2387,156,19,15,2,0,10
2388,156,20,15,10,1,10
2389,156,21,15,1,0,10
2390,156,22,15,1,0,10
2391,156,23,15,10,21,10
2392,156,24,15,2,1,10
2393,156,25,15,1,0,10
2394,156,26,15,3,3,10
2395,156,27,15,1,0,10
2396,156,28,15,3,4,10
2397,156,29,15,3,5,10
2398,156,30,15,10,20,10
2399,156,31,15,10,20,10
2400,157,1,15,1,0,10
2401,157,2,15,1,0,10
2402,157,3,15,1,0,10
2403,157,4,15,1,0,10
2404,157,5,15,1,0,10
2405,157,6,15,1,0,10
2406,157,7,15,1,0,10
2407,157,8,15,1,0,10
2408,157,9,15,1,0,10
2409,157,10,15,1,0,10
2410,157,11,15,1,0,10
2411,157,12,15,1,0,10
2412,157,13,15,1,0,10
2413,157,14,15,1,0,10
2414,157,15,15,3,0,10
2415,157,16,15,1,0,10
2416,157,17,15,1,0,10
2417,157,18,15,1,0,10
2418,157,19,15,1,0,10
2419,157,20,15,1,0,10
2420,157,21,15,2,1,10
2421,157,22,15,2,0,10
2422,157,23,15,6,0,10
2423,157,24,15,2,1,10
2424,157,25,15,4,0,10
2425,157,26,15,1,0,10
2426,157,27,15,2,0,10
2427,157,28,15,2,0,10
2428,157,29,15,3,4,10
2429,157,30,15,9,14,10
2430,157,31,15,2,1,10
2431,158,1,15,1,0,10
2432,158,2,15,1,0,10
2433,158,3,15,1,0,10
2434,158,4,15,1,0,10
2435,158,5,15,1,0,10
2436,158,6,15,1,0,10
2437,158,7,15,1,0,10
2438,158,8,15,1,0,10
2439,158,9,15,1,0,10
2440,158,10,15,1,0,10
2441,158,11,15,1,0,10
2442,158,12,15,1,0,10
2443,158,13,15,1,0,10
2444,158,14,15,1,0,10
2445,158,15,15,1,0,10
2446,158,16,15,1,0,10
2447,158,17,15,2,4,10
2448,158,18,15,2,0,10
2449,158,19,15,2,3,10
2450,158,20,15,8,21,10
2451,158,21,15,10,21,10
2452,158,22,15,2,2,10
2453,158,23,15,2,1,10
2454,158,24,15,3,0,10
2455,158,25,15,3,5,10
2456,158,26,15,4,0,10
2457,158,27,15,10,33,10
2458,158,28,15,1,3,10
2459,158,29,15,5,10,10
2460,158,30,15,10,27,10
2461,158,31,15,10,35,10
2462,159,1,15,1,0,10
2463,159,2,15,1,0,10
2464,159,3,15,1,0,10
2465,159,4,15,1,0,10
2466,159,5,15,1,0,10
2467,159,6,15,1,0,10
2468,159,7,15,1,0,10
2469,159,8,15,1,0,10
2470,159,9,15,1,0,10
2471,159,10,15,1,0,10
2472,159,11,15,1,0,10
2473,159,12,15,1,0,10
2474,159,13,15,1,0,10
2475,159,14,15,1,0,10
2476,159,15,15,1,0,10
2477,159,16,15,2,0,10
2478,159,17,15,1,0,10
2479,159,18,15,2,0,10
2480,159,19,15,1,0,10
2481,159,20,15,2,0,10
2482,159,21,15,2,0,10
2483,159,22,15,3,0,10
2484,159,23,15,2,6,10
2485,159,24,15,3,1,10
2486,159,25,15,4,4,10
2487,159,26,15,10,12,10
2488,159,27,15,3,0,10
2489,159,28,15,3,4,10
2490,159,29,15,10,2,10
2491,159,30,15,3,0,10
2492,159,31,15,10,29,10
2493,160,1,16,1,0,10
2494,160,2,16,1,0,10
2495,160,3,16,1,0,10
2496,160,4,16,1,0,10
2497,160,5,16,1,0,10
2498,160,6,16,1,0,10
2499,160,7,16,1,0,10
2500,160,8,16,1,0,10
2501,160,9,16,1,0,10
2502,160,10,16,1,0,10
2503,160,11,16,1,0,10
2504,160,12,16,1,0,10
2505,160,13,16,1,0,10
2506,160,14,16,1,0,10
2507,160,15,16,1,0,10
2508,160,16,16,1,0,10
2509,160,17,16,2,1,10
2510,160,18,16,1,0,10
2511,160,19,16,4,5,10
2512,160,20,16,1,0,10
2513,160,21,16,3,0,10
2514,160,22,16,2,1,10
2515,160,23,16,1,0,10
2516,160,24,16,2,0,10
2517,160,25,16,3,0,10
2518,160,26,16,2,0,10
2519,160,27,16,10,27,10
2520,160,28,16,3,1,10
2521,160,29,16,10,38,10
2522,160,30,16,10,43,10
2523,160,31,16,5,22,10
2524,160,32,16,2,0,10
2525,161,1,16,1,0,10
2526,161,2,16,1,0,10
2527,161,3,16,1,0,10
2528,161,4,16,1,0,10
2529,161,5,16,1,0,10
2530,161,6,16,1,0,10
2531,161,7,16,1,0,10
2532,161,8,16,1,0,10
2533,161,9,16,1,0,10
2534,161,10,16,1,0,10
2535,161,11,16,1,0,10
2536,161,12,16,1,0,10
2537,161,13,16,1,0,10
2538,161,14,16,1,0,10
2539,161,15,16,1,0,10
2540,161,16,16,1,0,10
2541,161,17,16,1,0,10
2542,161,18,16,3,0,10
2543,161,19,16,2,0,10
2544,161,20,16,1,0,10
2545,161,21,16,3,0,10
2546,161,22,16,2,1,10
2547,161,23,16,2,0,10
2548,161,24,16,2,2,10
2549,161,25,16,2,0,10
2550,161,26,16,8,20,10
2551,161,27,16,2,0,10
2552,161,28,16,10,25,10
2553,161,29,16,1,1,10
2554,161,30,16,3,0,10
2555,161,31,16,3,1,10
2556,161,32,16,10,28,10
2557,162,1,16,1,0,10
2558,162,2,16,1,0,10
2559,162,3,16,1,0,10
2560,162,4,16,1,0,10
2561,162,5,16,1,0,10
2562,162,6,16,1,0,10
2563,162,7,16,1,0,10
2564,162,8,16,1,0,10
2565,162,9,16,1,0,10
2566,162,10,16,1,0,10
2567,162,11,16,1,0,10
2568,162,12,16,1,0,10
2569,162,13,16,3,0,10
2570,162,14,16,1,0,10
2571,162,15,16,1,0,10
2572,162,16,16,1,0,10
2573,162,17,16,1,0,10
2574,162,18,16,1,0,10
2575,162,19,16,2,0,10
2576,162,20,16,4,0,10
2577,162,21,16,3,3,10
2578,162,22,16,2,0,10
2579,162,23,16,2,0,10
2580,162,24,16,1,0,10
2581,162,25,16,2,3,10
2582,162,26,16,3,4,10
2583,162,27,16,3,2,10
2584,162,28,16,10,35,10
2585,162,29,16,10,29,10
2586,162,30,16,9,25,10
2587,162,31,16,3,2,10
2588,162,32,16,4,5,10
2589,163,1,16,1,0,10
2590,163,2,16,1,0,10
2591,163,3,16,1,0,10
2592,163,4,16,1,0,10
2593,163,5,16,1,0,10
2594,163,6,16,1,0,10
2595,163,7,16,1,0,10
2596,163,8,16,1,0,10
2597,163,9,16,1,0,10
2598,163,10,16,1,0,10
2599,163,11,16,1,0,10
2600,163,12,16,1,0,10
2601,163,13,16,1,0,10
2602,163,14,16,1,0,10
2603,163,15,16,1,0,10
2604,163,16,16,2,0,10
2605,163,17,16,1,0,10
2606,163,18,16,1,0,10
2607,163,19,16,2,0,10
2608,163,20,16,2,0,10
2609,163,21,16,1,0,10
2610,163,22,16,2,0,10
2611,163,23,16,1,0,10
2612,163,24,16,2,0,10
2613,163,25,16,2,0,10
2614,163,26,16,2,1,10
2615,163,27,16,1,0,10
2616,163,28,16,5,13,10
2617,163,29,16,2,4,10
2618,163,30,16,3,3,10
2619,163,31,16,8,20,10
2620,163,32,16,10,33,10
2621,164,1,16,1,0,10
2622,164,2,16,1,0,10
2623,164,3,16,1,0,10
2624,164,4,16,1,0,10
2625,164,5,16,1,0,10
2626,164,6,16,1,0,10
2627,164,7,16,1,0,10
2628,164,8,16,1,0,10
2629,164,9,16,1,0,10
2630,164,10,16,1,0,10
2631,164,11,16,1,0,10
2632,164,12,16,1,0,10
2633,164,13,16,1,0,10
2634,164,14,16,2,0,10
2635,164,15,16,1,0,10
2636,164,16,16,2,0,10
2637,164,17,16,2,0,10
2638,164,18,16,1,0,10
2639,164,19,16,2,0,10
2640,164,20,16,1,0,10
2641,164,21,16,1,0,10
2642,164,22,16,3,0,10
2643,164,23,16,10,3,10
2644,164,24,16,2,0,10
2645,164,25,16,9,21,10
2646,164,26,16,10,27,10
2647,164,27,16,3,0,10
2648,164,28,16,1,1,10
2649,164,29,16,6,4,10
2650,164,30,16,10,51,10
2651,164,31,16,9,8,10
2652,164,32,16,10,27,10
2653,165,1,16,1,0,10
2654,165,2,16,1,0,10
2655,165,3,16,1,0,10
2656,165,4,16,1,0,10
2657,165,5,16,1,0,10
2658,165,6,16,1,0,10
2659,165,7,16,1,0,10
2660,165,8,16,1,0,10
2661,165,9,16,1,0,10
2662,165,10,16,1,0,10
2663,165,11,16,1,0,10
2664,165,12,16,1,0,10
2665,165,13,16,1,0,10
2666,165,14,16,1,0,10
2667,165,15,16,1,0,10
2668,165,16,16,1,0,10
2669,165,17,16,2,0,10
2670,165,18,16,2,0,10
2671,165,19,16,4,0,10
2672,165,20,16,1,0,10
2673,165,21,16,1,0,10
2674,165,22,16,2,4,10
2675,165,23,16,2,0,10
2676,165,24,16,4,4,10
2677,165,25,16,1,0,10
2678,165,26,16,2,9,10
2679,165,27,16,2,2,10
2680,165,28,16,5,7,10
2681,165,29,16,10,12,10
2682,165,30,16,10,18,10
2683,165,31,16,4,0,10
2684,165,32,16,8,22,10
2685,165,33,16,6,1,10
2686,166,1,16,1,0,10
2687,166,2,16,1,0,10
2688,166,3,16,1,0,10
2689,166,4,16,1,0,10
2690,166,5,16,1,0,10
2691,166,6,16,1,0,10
2692,166,7,16,1,0,10
2693,166,8,16,1,0,10
2694,166,9,16,1,0,10
2695,166,10,16,1,0,10
2696,166,11,16,1,0,10
2697,166,12,16,1,0,10
2698,166,13,16,1,0,10
2699,166,14,16,1,0,10
2700,166,15,16,1,0,10
2701,166,16,16,1,0,10
2702,166,17,16,2,0,10
2703,166,18,16,1,0,10
2704,166,19,16,2,0,10
2705,166,20,16,2,0,10
2706,166,21,16,1,0,10
2707,166,22,16,4,4,10
2708,166,23,16,4,0,10
2709,166,24,16,2,2,10
2710,166,25,16,3,0,10
2711,166,26,16,4,0,10
2712,166,27,16,4,1,10
2713,166,28,16,2,0,10
2714,166,29,16,6,33,10
2715,166,30,16,10,26,10
2716,166,31,16,2,0,10
2717,166,32,16,10,37,10
2718,166,33,16,3,1,10
2719,167,1,16,1,0,10
2720,167,2,16,1,0,10
2721,167,3,16,1,0,10
2722,167,4,16,1,0,10
2723,167,5,16,1,0,10
2724,167,6,16,1,0,10
2725,167,7,16,1,0,10
2726,167,8,16,1,0,10
2727,167,9,16,1,0,10
2728,167,10,16,1,0,10
2729,167,11,16,1,0,10
2730,167,12,16,1,0,10
2731,167,13,16,1,0,10
2732,167,14,16,1,0,10
2733,167,15,16,1,0,10
2734,167,16,16,1,0,10
2735,167,17,16,2,0,10
2736,167,18,16,3,0,10
2737,167,19,16,3,0,10
2738,167,20,16,1,0,10
2739,167,21,16,1,0,10
2740,167,22,16,3,0,10
2741,167,23,16,1,3,10
2742,167,24,16,2,0,10
2743,167,25,16,3,1,10
2744,167,26,16,1,0,10
2745,167,27,16,10,24,10
2746,167,28,16,4,9,10
2747,167,29,16,10,42,10
2748,167,30,16,8,30,10
2749,167,31,16,5,0,10
2750,167,32,16,3,0,10
2751,167,33,16,10,45,10
2752,168,1,16,1,0,10
2753,168,2,16,1,0,10
2754,168,3,16,1,0,10
2755,168,4,16,1,0,10
2756,168,5,16,1,0,10
2757,168,6,16,1,0,10
2758,168,7,16,1,0,10
2759,168,8,16,1,0,10
2760,168,9,16,1,0,10
2761,168,10,16,1,0,10
2762,168,11,16,1,0,10
2763,168,12,16,1,0,10
2764,168,13,16,1,0,10
2765,168,14,16,1,0,10
2766,168,15,16,1,0,10
2767,168,16,16,1,0,10
2768,168,17,16,2,0,10
2769,168,18,16,1,0,10
2770,168,19,16,1,0,10
2771,168,20,16,2,0,10
2772,168,21,16,1,0,10
2773,168,22,16,3,0,10
2774,168,23,16,1,2,10
2775,168,24,16,3,0,10
2776,168,25,16,3,0,10
2777,168,26,16,2,0,10
2778,168,27,16,1,1,10
2779,168,28,16,10,23,10
2780,168,29,16,10,34,10
2781,168,30,16,10,19,10
2782,168,31,16,10,3,10
2783,168,32,16,10,3,10
2784,168,33,16,2,0,10
2785,169,1,16,1,0,10
2786,169,2,16,1,0,10
2787,169,3,16,1,0,10
2788,169,4,16,1,0,10
2789,169,5,16,1,0,10
2790,169,6,16,1,0,10
2791,169,7,16,1,0,10
2792,169,8,16,1,0,10
2793,169,9,16,1,0,10
2794,169,10,16,1,0,10
2795,169,11,16,1,0,10
2796,169,12,16,1,0,10
2797,169,13,16,1,0,10
2798,169,14,16,1,0,10
2799,169,15,16,1,0,10
2800,169,16,16,1,0,10
2801,169,17,16,1,0,10
2802,169,18,16,1,0,10
2803,169,19,16,1,0,10
2804,169,20,16,3,1,10
2805,169,21,16,10,1,10
2806,169,22,16,2,0,10
2807,169,23,16,1,0,10
2808,169,24,16,2,0,10
2809,169,25,16,2,0,10
2810,169,26,16,2,2,10
2811,169,27,16,10,2,10
2812,169,28,16,2,2,10
2813,169,29,16,1,0,10
2814,169,30,16,10,9,10
2815,169,31,16,7,25,10
2816,169,32,16,10,37,10
2817,169,33,16,3,4,10
2818,170,1,17,1,0,10
2819,170,2,17,1,0,10
2820,170,3,17,1,0,10
2821,170,4,17,1,0,10
2822,170,5,17,1,0,10
2823,170,6,17,1,0,10
2824,170,7,17,1,0,10
2825,170,8,17,1,0,10
2826,170,9,17,1,0,10
2827,170,10,17,1,0,10
2828,170,11,17,1,0,10
2829,170,12,17,1,0,10
2830,170,13,17,1,0,10
2831,170,14,17,1,0,10
2832,170,15,17,1,0,10
2833,170,16,17,1,0,10
2834,170,17,17,1,0,10
2835,170,18,17,1,0,10
2836,170,19,17,1,0,10
2837,170,20,17,1,0,10
2838,170,21,17,2,0,10
2839,170,22,17,2,1,10
2840,170,23,17,6,6,10
2841,170,24,17,1,2,10
2842,170,25,17,5,0,10
2843,170,26,17,1,0,10
2844,170,27,17,10,38,10
2845,170,28,17,2,5,10
2846,170,29,17,3,7,10
2847,170,30,17,2,1,10
2848,170,31,17,10,29,10
2849,170,32,17,10,2,10
2850,170,33,17,10,24,10
2851,170,34,17,6,9,10
2852,171,1,17,1,0,10
2853,171,2,17,1,0,10
2854,171,3,17,1,0,10
2855,171,4,17,1,0,10
2856,171,5,17,1,0,10
2857,171,6,17,1,0,10
2858,171,7,17,1,0,10
2859,171,8,17,1,0,10
2860,171,9,17,1,0,10
2861,171,10,17,1,0,10
2862,171,11,17,1,0,10
2863,171,12,17,1,0,10
2864,171,13,17,1,0,10
2865,171,14,17,1,0,10
2866,171,15,17,1,0,10
2867,171,16,17,1,0,10
2868,171,17,17,2,0,10
2869,171,18,17,5,0,10
2870,171,19,17,2,0,10
2871,171,20,17,3,3,10
2872,171,21,17,2,0,10
2873,171,22,17,2,0,10
2874,171,23,17,2,0,10
2875,171,24,17,2,0,10
2876,171,25,17,4,5,10
2877,171,26,17,4,3,10
2878,171,27,17,10,29,10
2879,171,28,17,3,4,10
2880,171,29,17,10,33,10
2881,171,30,17,10,1,10
2882,171,31,17,3,0,10
2883,171,32,17,10,31,10
2884,171,33,17,10,3,10
2885,171,34,17,10,26,10
2886,172,1,17,1,0,10
2887,172,2,17,1,0,10
2888,172,3,17,1,0,10
2889,172,4,17,1,0,10
2890,172,5,17,1,0,10
2891,172,6,17,1,0,10
2892,172,7,17,1,0,10
2893,172,8,17,1,0,10
2894,172,9,17,1,0,10
2895,172,10,17,1,0,10
2896,172,11,17,1,0,10
2897,172,12,17,1,0,10
2898,172,13,17,2,0,10
2899,172,14,17,1,0,10
2900,172,15,17,1,0,10
2901,172,16,17,1,0,10
2902,172,17,17,1,0,10
2903,172,18,17,1,0,10
2904,172,19,17,1,0,10
2905,172,20,17,1,0,10
2906,172,21,17,3,0,10
2907,172,22,17,1,0,10
2908,172,23,17,2,0,10
2909,172,24,17,3,0,10
2910,172,25,17,2,3,10
2911,172,26,17,5,6,10
2912,172,27,17,10,21,10
2913,172,28,17,3,2,10
2914,172,29,17,8,29,10
2915,172,30,17,10,40,10
2916,172,31,17,10,19,10
2917,172,32,17,10,8,10
2918,172,33,17,4,3,10
2919,172,34,17,10,3,10
2920,173,1,17,1,0,10
2921,173,2,17,1,0,10
2922,173,3,17,1,0,10
2923,173,4,17,1,0,10
2924,173,5,17,1,0,10
2925,173,6,17,1,0,10
2926,173,7,17,1,0,10
2927,173,8,17,1,0,10
2928,173,9,17,1,0,10
2929,173,10,17,1,0,10
2930,173,11,17,1,0,10
2931,173,12,17,1,0,10
2932,173,13,17,1,0,10
2933,173,14,17,1,0,10
2934,173,15,17,1,0,10
2935,173,16,17,1,0,10
2936,173,17,17,1,0,10
2937,173,18,17,1,0,10
2938,173,19,17,1,0,10
2939,173,20,17,6,7,10
2940,173,21,17,4,0,10
2941,173,22,17,3,0,10
2942,173,23,17,2,0,10
2943,173,24,17,3,0,10
2944,173,25,17,2,1,10
2945,173,26,17,3,1,10
2946,173,27,17,9,18,10
2947,173,28,17,2,0,10
2948,173,29,17,2,1,10
2949,173,30,17,2,0,10
2950,173,31,17,10,23,10
2951,173,32,17,5,0,10
2952,173,33,17,10,44,10
2953,173,34,17,10,5,10
2954,174,1,17,1,0,10
2955,174,2,17,1,0,10
2956,174,3,17,1,0,10
2957,174,4,17,1,0,10
2958,174,5,17,1,0,10
2959,174,6,17,1,0,10
2960,174,7,17,1,0,10
2961,174,8,17,1,0,10
2962,174,9,17,1,0,10
2963,174,10,17,1,0,10
2964,174,11,17,1,0,10
2965,174,12,17,1,0,10
2966,174,13,17,1,0,10
2967,174,14,17,1,0,10
2968,174,15,17,1,0,10
2969,174,16,17,1,0,10
2970,174,17,17,1,0,10
2971,174,18,17,1,0,10
2972,174,19,17,1,0,10
2973,174,20,17,2,0,10
2974,174,21,17,2,0,10
2975,174,22,17,4,6,10
2976,174,23,17,3,0,10
2977,174,24,17,2,0,10
2978,174,25,17,2,0,10
2979,174,26,17,5,0,10
2980,174,27,17,2,0,10
2981,174,28,17,10,3,10
2982,174,29,17,4,0,10
2983,174,30,17,3,7,10
2984,174,31,17,10,24,10
2985,174,32,17,4,0,10
2986,174,33,17,4,0,10
2987,174,34,17,10,37,10
2988,175,1,17,1,0,10
2989,175,2,17,1,0,10
2990,175,3,17,1,0,10
2991,175,4,17,1,0,10
2992,175,5,17,1,0,10
2993,175,6,17,1,0,10
2994,175,7,17,1,0,10
2995,175,8,17,1,0,10
2996,175,9,17,1,0,10
2997,175,10,17,1,0,10
2998,175,11,17,1,0,10
2999,175,12,17,1,0,10
3000,175,13,17,1,0,10
3001,175,14,17,1,0,10
3002,175,15,17,2,0,10
3003,175,16,17,2,0,10
3004,175,17,17,1,0,10
3005,175,18,17,2,0,10
3006,175,19,17,5,11,10
3007,175,20,17,1,0,10
3008,175,21,17,2,1,10
3009,175,22,17,2,0,10
3010,175,23,17,2,0,10
3011,175,24,17,4,0,10
3012,175,25,17,3,0,10
3013,175,26,17,2,1,10
3014,175,27,17,2,0,10
3015,175,28,17,3,0,10
3016,175,29,17,3,0,10
3017,175,30,17,2,0,10
3018,175,31,17,3,2,10
3019,175,32,17,7,17,10
3020,175,33,17,10,25,10
3021,175,34,17,2,1,10
3022,175,35,17,5,3,10
3023,176,1,17,1,0,10
3024,176,2,17,1,0,10
3025,176,3,17,1,0,10
3026,176,4,17,1,0,10
3027,176,5,17,1,0,10
3028,176,6,17,1,0,10
3029,176,7,17,1,0,10
3030,176,8,17,1,0,10
3031,176,9,17,1,0,10
3032,176,10,17,1,0,10
3033,176,11,17,1,0,10
3034,176,12,17,1,0,10
3035,176,13,17,1,0,10
3036,176,14,17,1,0,10
3037,176,15,17,1,0,10
3038,176,16,17,1,0,10
3039,176,17,17,1,0,10
3040,176,18,17,1,0,10
3041,176,19,17,1,0,10
3042,176,20,17,2,0,10
3043,176,21,17,10,32,10
3044,176,22,17,2,0,10
3045,176,23,17,4,6,10
3046,176,24,17,3,0,10
3047,176,25,17,1,0,10
3048,176,26,17,10,3,10
3049,176,27,17,2,1,10
3050,176,28,17,3,0,10
3051,176,29,17,2,2,10
3052,176,30,17,10,5,10
3053,176,31,17,10,6,10
3054,176,32,17,2,0,10
3055,176,33,17,3,0,10
3056,176,34,17,7,14,10
3057,176,35,17,6,8,10
3058,177,1,17,1,0,10
3059,177,2,17,1,0,10
3060,177,3,17,1,0,10
3061,177,4,17,1,0,10
3062,177,5,17,1,0,10
3063,177,6,17,1,0,10
3064,177,7,17,1,0,10
3065,177,8,17,1,0,10
3066,177,9,17,1,0,10
3067,177,10,17,1,0,10
3068,177,11,17,1,0,10
3069,177,12,17,1,0,10
3070,177,13,17,1,0,10
3071,177,14,17,2,0,10
3072,177,15,17,1,0,10
3073,177,16,17,1,0,10
3074,177,17,17,1,0,10
3075,177,18,17,1,0,10
3076,177,19,17,2,0,10
3077,177,20,17,2,0,10
3078,177,21,17,2,0,10
3079,177,22,17,2,0,10
3080,177,23,17,1,0,10
3081,177,24,17,1,0,10
3082,177,25,17,2,0,10
3083,177,26,17,3,0,10
3084,177,27,17,3,9,10
3085,177,28,17,10,31,10
3086,177,29,17,2,1,10
3087,177,30,17,3,0,10
3088,177,31,17,2,0,10
3089,177,32,17,4,0,10
3090,177,33,17,2,0,10
3091,177,34,17,10,55,10
3092,177,35,17,10,34,10
3093,178,1,17,1,0,10
3094,178,2,17,1,0,10
3095,178,3,17,1,0,10
3096,178,4,17,1,0,10
3097,178,5,17,1,0,10
3098,178,6,17,1,0,10
3099,178,7,17,1,0,10
3100,178,8,17,1,0,10
3101,178,9,17,1,0,10
3102,178,10,17,1,0,10
3103,178,11,17,1,0,10
3104,178,12,17,1,0,10
3105,178,13,17,1,0,10
3106,178,14,17,2,0,10
3107,178,15,17,1,0,10
3108,178,16,17,2,0,10
3109,178,17,17,2,0,10
3110,178,18,17,1,0,10
3111,178,19,17,2,0,10
3112,178,20,17,1,0,10
3113,178,21,17,1,0,10
3114,178,22,17,2,1,10
3115,178,23,17,5,10,10
3116,178,24,17,3,1,10
3117,178,25,17,2,0,10
3118,178,26,17,3,1,10
3119,178,27,17,1,0,10
3120,178,28,17,1,0,10
3121,178,29,17,1,0,10
3122,178,30,17,2,4,10
3123,178,31,17,3,2,10
3124,178,32,17,2,0,10
3125,178,33,17,7,2,10
3126,178,34,17,4,0,10
3127,178,35,17,10,35,10
3128,179,1,17,1,0,10
3129,179,2,17,1,0,10
3130,179,3,17,1,0,10
3131,179,4,17,1,0,10
3132,179,5,17,1,0,10
3133,179,6,17,1,0,10
3134,179,7,17,1,0,10
3135,179,8,17,1,0,10
3136,179,9,17,1,0,10
3137,179,10,17,1,0,10
3138,179,11,17,1,0,10
3139,179,12,17,1,0,10
3140,179,13,17,1,0,10
3141,179,14,17,1,0,10
3142,179,15,17,1,0,10
3143,179,16,17,1,0,10
3144,179,17,17,1,0,10
3145,179,18,17,2,0,10
3146,179,19,17,2,0,10
3147,179,20,17,2,0,10
3148,179,21,17,2,0,10
3149,179,22,17,2,0,10
3150,179,23,17,3,1,10
3151,179,24,17,2,1,10
3152,179,25,17,2,0,10
3153,179,26,17,4,0,10
3154,179,27,17,1,0,10
3155,179,28,17,2,0,10
3156,179,29,17,4,3,10
3157,179,30,17,3,5,10
3158,179,31,17,10,27,10
3159,179,32,17,5,11,10
3160,179,33,17,2,0,10
3161,179,34,17,4,0,10
3162,179,35,17,8,33,10
3163,180,1,18,1,0,10
3164,180,2,18,1,0,10
3165,180,3,18,1,0,10
3166,180,4,18,1,0,10
3167,180,5,18,1,0,10
3168,180,6,18,1,0,10
3169,180,7,18,1,0,10
3170,180,8,18,1,0,10
3171,180,9,18,1,0,10
3172,180,10,18,1,0,10
3173,180,11,18,1,0,10
3174,180,12,18,1,0,10
3175,180,13,18,1,0,10
3176,180,14,18,1,0,10
3177,180,15,18,1,0,10
3178,180,16,18,1,0,10
3179,180,17,18,1,0,10
3180,180,18,18,2,0,10
3181,180,19,18,1,0,10
3182,180,20,18,1,0,10
3183,180,21,18,4,10,10
3184,180,22,18,1,0,10
3185,180,23,18,1,0,10
3186,180,24,18,3,0,10
3187,180,25,18,3,0,10
3188,180,26,18,8,47,10
3189,180,27,18,7,11,10
3190,180,28,18,7,10,10
3191,180,29,18,10,52,10
3192,180,30,18,2,0,10
3193,180,31,18,2,0,10
3194,180,32,18,10,25,10
3195,180,33,18,10,8,10
3196,180,34,18,10,38,10
3197,180,35,18,7,23,10
3198,180,36,18,9,27,10
3199,181,1,18,1,0,10
3200,181,2,18,1,0,10
3201,181,3,18,1,0,10
3202,181,4,18,1,0,10
3203,181,5,18,1,0,10
3204,181,6,18,1,0,10
3205,181,7,18,1,0,10
3206,181,8,18,1,0,10
3207,181,9,18,1,0,10
3208,181,10,18,1,0,10
3209,181,11,18,1,0,10
3210,181,12,18,1,0,10
3211,181,13,18,1,0,10
3212,181,14,18,1,0,10
3213,181,15,18,1,0,10
3214,181,16,18,1,0,10
3215,181,17,18,1,0,10
3216,181,18,18,2,0,10
3217,181,19,18,5,9,10
3218,181,20,18,2,1,10
3219,181,21,18,1,0,10
3220,181,22,18,2,0,10
3221,181,23,18,2,0,10
3222,181,24,18,10,8,10
3223,181,25,18,2,0,10
3224,181,26,18,2,0,10
3225,181,27,18,2,0,10
3226,181,28,18,1,0,10
3227,181,29,18,3,0,10
3228,181,30,18,5,20,10
3229,181,31,18,9,24,10
3230,181,32,18,5,0,10
3231,181,33,18,4,4,10
3232,181,34,18,10,5,10
3233,181,35,18,10,35,10
3234,181,36,18,9,29,10
3235,182,1,18,1,0,10
3236,182,2,18,1,0,10
3237,182,3,18,1,0,10
3238,182,4,18,1,0,10
3239,182,5,18,1,0,10
3240,182,6,18,1,0,10
3241,182,7,18,1,0,10
3242,182,8,18,1,0,10
3243,182,9,18,1,0,10
3244,182,10,18,1,0,10
3245,182,11,18,1,0,10
3246,182,12,18,1,0,10
3247,182,13,18,1,0,10
3248,182,14,18,1,0,10
3249,182,15,18,1,0,10
3250,182,16,18,1,0,10
3251,182,17,18,2,0,10
3252,182,18,18,1,0,10
3253,182,19,18,3,0,10
3254,182,20,18,2,0,10
3255,182,21,18,1,0,10
3256,182,22,18,1,0,10
3257,182,23,18,1,0,10
3258,182,24,18,3,6,10
3259,182,25,18,2,4,10
3260,182,26,18,1,0,10
3261,182,27,18,1,0,10
3262,182,28,18,4,2,10
3263,182,29,18,4,10,10
3264,182,30,18,10,13,10
3265,182,31,18,2,0,10
3266,182,32,18,2,0,10
3267,182,33,18,3,0,10
3268,182,34,18,10,37,10
3269,182,35,18,10,15,10
3270,182,36,18,10,39,10
3271,183,1,18,1,0,10
3272,183,2,18,1,0,10
3273,183,3,18,1,0,10
3274,183,4,18,1,0,10
3275,183,5,18,1,0,10
3276,183,6,18,1,0,10
3277,183,7,18,1,0,10
3278,183,8,18,1,0,10
3279,183,9,18,1,0,10
3280,183,10,18,1,0,10
3281,183,11,18,1,0,10
3282,183,12,18,1,0,10
3283,183,13,18,1,0,10
3284,183,14,18,1,0,10
3285,183,15,18,1,0,10
3286,183,16,18,2,0,10
3287,183,17,18,1,0,10
3288,183,18,18,2,0,10
3289,183,19,18,1,0,10
3290,183,20,18,1,0,10
3291,183,21,18,2,1,10
3292,183,22,18,1,0,10
3293,183,23,18,2,0,10
3294,183,24,18,10,2,10
3295,183,25,18,2,0,10
3296,183,26,18,3,0,10
3297,183,27,18,2,0,10
3298,183,28,18,1,0,10
3299,183,29,18,6,34,10
3300,183,30,18,2,1,10
3301,183,31,18,3,0,10
3302,183,32,18,10,18,10
3303,183,33,18,4,4,10
3304,183,34,18,8,10,10
3305,183,35,18,8,38,10
3306,183,36,18,7,16,10
3307,184,1,18,1,0,10
3308,184,2,18,1,0,10
3309,184,3,18,1,0,10
3310,184,4,18,1,0,10
3311,184,5,18,1,0,10
3312,184,6,18,1,0,10
3313,184,7,18,1,0,10
3314,184,8,18,1,0,10
3315,184,9,18,1,0,10
3316,184,10,18,1,0,10
3317,184,11,18,1,0,10
3318,184,12,18,1,0,10
3319,184,13,18,1,0,10
3320,184,14,18,1,0,10
3321,184,15,18,2,0,10
3322,184,16,18,1,0,10
3323,184,17,18,1,0,10
3324,184,18,18,1,0,10
3325,184,19,18,1,0,10
3326,184,20,18,10,32,10
3327,184,21,18,1,0,10
3328,184,22,18,2,0,10
3329,184,23,18,1,0,10
3330,184,24,18,2,1,10
3331,184,25,18,10,33,10
3332,184,26,18,4,4,10
3333,184,27,18,3,0,10
3334,184,28,18,10,26,10
3335,184,29,18,2,0,10
3336,184,30,18,2,0,10
3337,184,31,18,3,4,10
3338,184,32,18,3,11,10
3339,184,33,18,3,4,10
3340,184,34,18,1,0,10
3341,184,35,18,10,55,10
3342,184,36,18,3,2,10
3343,185,1,18,1,0,10
3344,185,2,18,1,0,10
3345,185,3,18,1,0,10
3346,185,4,18,1,0,10
3347,185,5,18,1,0,10
3348,185,6,18,1,0,10
3349,185,7,18,1,0,10
3350,185,8,18,1,0,10
3351,185,9,18,1,0,10
3352,185,10,18,1,0,10
3353,185,11,18,1,0,10
3354,185,12,18,1,0,10
3355,185,13,18,1,0,10
3356,185,14,18,1,0,10
3357,185,15,18,1,0,10
3358,185,16,18,1,0,10
3359,185,17,18,3,0,10
3360,185,18,18,1,0,10
3361,185,19,18,1,0,10
3362,185,20,18,2,0,10
3363,185,21,18,2,0,10
3364,185,22,18,2,0,10
3365,185,23,18,1,1,10
3366,185,24,18,1,0,10
3367,185,25,18,4,4,10
3368,185,26,18,2,0,10
3369,185,27,18,2,2,10
3370,185,28,18,2,0,10
3371,185,29,18,3,1,10
3372,185,30,18,3,0,10
3373,185,31,18,5,11,10
3374,185,32,18,3,4,10
3375,185,33,18,5,0,10
3376,185,34,18,10,37,10
3377,185,35,18,8,41,10
3378,185,36,18,2,2,10
3379,185,37,18,10,49,10
3380,186,1,18,1,0,10
3381,186,2,18,1,0,10
3382,186,3,18,1,0,10
3383,186,4,18,1,0,10
3384,186,5,18,1,0,10
3385,186,6,18,1,0,10
3386,186,7,18,1,0,10
3387,186,8,18,1,0,10
3388,186,9,18,1,0,10
3389,186,10,18,1,0,10
3390,186,11,18,1,0,10
3391,186,12,18,1,0,10
3392,186,13,18,1,0,10
3393,186,14,18,1,0,10
3394,186,15,18,1,0,10
3395,186,16,18,1,0,10
3396,186,17,18,1,0,10
3397,186,18,18,3,0,10
3398,186,19,18,3,0,10
3399,186,20,18,3,0,10
3400,186,21,18,1,2,10
3401,186,22,18,2,0,10
3402,186,23,18,2,0,10
3403,186,24,18,4,0,10
3404,186,25,18,8,26,10
3405,186,26,18,2,0,10
3406,186,27,18,10,19,10
3407,186,28,18,4,0,10
3408,186,29,18,4,10,10
3409,186,30,18,2,2,10
3410,186,31,18,4,7,10
3411,186,32,18,2,0,10
3412,186,33,18,10,53,10
3413,186,34,18,3,3,10
3414,186,35,18,5,10,10
3415,186,36,18,5,14,10
3416,186,37,18,3,13,10
3417,187,1,18,1,0,10
3418,187,2,18,1,0,10
3419,187,3,18,1,0,10
3420,187,4,18,1,0,10
3421,187,5,18,1,0,10
3422,187,6,18,1,0,10
3423,187,7,18,1,0,10
3424,187,8,18,1,0,10
3425,187,9,18,1,0,10
3426,187,10,18,1,0,10
3427,187,11,18,1,0,10
3428,187,12,18,1,0,10
3429,187,13,18,1,0,10
3430,187,14,18,1,0,10
3431,187,15,18,1,0,10
3432,187,16,18,1,0,10
3433,187,17,18,1,0,10
3434,187,18,18,2,1,10
3435,187,19,18,1,0,10
3436,187,20,18,2,0,10
3437,187,21,18,8,0,10
3438,187,22,18,1,0,10
3439,187,23,18,1,0,10
3440,187,24,18,10,5,10
3441,187,25,18,2,0,10
3442,187,26,18,3,0,10
3443,187,27,18,2,0,10
3444,187,28,18,2,1,10
3445,187,29,18,5,1,10
3446,187,30,18,2,0,10
3447,187,31,18,10,45,10
3448,187,32,18,10,36,10
3449,187,33,18,2,5,10
3450,187,34,18,10,2,10
3451,187,35,18,10,33,10
3452,187,36,18,10,52,10
3453,187,37,18,8,12,10
3454,188,1,18,1,0,10
3455,188,2,18,1,0,10
3456,188,3,18,1,0,10
3457,188,4,18,1,0,10
3458,188,5,18,1,0,10
3459,188,6,18,1,0,10
3460,188,7,18,1,0,10
3461,188,8,18,1,0,10
3462,188,9,18,1,0,10
3463,188,10,18,2,0,10
3464,188,11,18,1,0,10
3465,188,12,18,2,0,10
3466,188,13,18,1,0,10
3467,188,14,18,1,0,10
3468,188,15,18,1,0,10
3469,188,16,18,2,0,10
3470,188,17,18,1,0,10
3471,188,18,18,2,0,10
3472,188,19,18,2,0,10
3473,188,20,18,1,0,10
3474,188,21,18,1,0,10
3475,188,22,18,2,0,10
3476,188,23,18,1,0,10
3477,188,24,18,3,0,10
3478,188,25,18,2,0,10
3479,188,26,18,5,7,10
3480,188,27,18,4,0,10
3481,188,28,18,2,0,10
3482,188,29,18,8,25,10
3483,188,30,18,2,3,10
3484,188,31,18,10,16,10
3485,188,32,18,2,3,10
3486,188,33,18,5,0,10
3487,188,34,18,2,3,10
3488,188,35,18,3,0,10
3489,188,36,18,10,44,10
3490,188,37,18,10,2,10
3491,189,1,18,1,0,10
3492,189,2,18,1,0,10
3493,189,3,18,1,0,10
3494,189,4,18,1,0,10
3495,189,5,18,1,0,10
3496,189,6,18,1,0,10
3497,189,7,18,1,0,10
3498,189,8,18,1,0,10
3499,189,9,18,1,0,10
3500,189,10,18,1,0,10
3501,189,11,18,1,0,10
3502,189,12,18,1,0,10
3503,189,13,18,1,0,10
3504,189,14,18,1,0,10
3505,189,15,18,1,0,10
3506,189,16,18,1,0,10
3507,189,17,18,1,0,10
3508,189,18,18,2,0,10
3509,189,19,18,1,0,10
3510,189,20,18,2,0,10
3511,189,21,18,1,0,10
3512,189,22,18,1,0,10
3513,189,23,18,2,0,10
3514,189,24,18,3,1,10
3515,189,25,18,2,0,10
3516,189,26,18,2,1,10
3517,189,27,18,2,1,10
3518,189,28,18,3,0,10
3519,189,29,18,3,0,10
3520,189,30,18,3,0,10
3521,189,31,18,1,1,10
3522,189,32,18,4,5,10
3523,189,33,18,10,22,10
3524,189,34,18,8,32,10
3525,189,35,18,4,3,10
3526,189,36,18,3,2,10
3527,189,37,18,2,0,10
3528,190,1,19,1,0,10
3529,190,2,19,1,0,10
3530,190,3,19,1,0,10
3531,190,4,19,1,0,10
3532,190,5,19,1,0,10
3533,190,6,19,1,0,10
3534,190,7,19,1,0,10
3535,190,8,19,1,0,10
3536,190,9,19,1,0,10
3537,190,10,19,1,0,10
3538,190,11,19,1,0,10
3539,190,12,19,1,0,10
3540,190,13,19,1,0,10
3541,190,14,19,2,0,10
3542,190,15,19,2,0,10
3543,190,16,19,1,0,10
3544,190,17,19,2,0,10
3545,190,18,19,1,0,10
3546,190,19,19,2,0,10
3547,190,20,19,1,0,10
3548,190,21,19,1,0,10
3549,190,22,19,1,0,10
3550,190,23,19,2,0,10
3551,190,24,19,1,5,10
3552,190,25,19,2,1,10
3553,190,26,19,3,0,10
3554,190,27,19,1,0,10
3555,190,28,19,5,7,10
3556,190,29,19,3,0,10
3557,190,30,19,1,0,10
3558,190,31,19,5,0,10
3559,190,32,19,6,36,10
3560,190,33,19,2,2,10
3561,190,34,19,5,0,10
3562,190,35,19,3,0,10
3563,190,36,19,10,35,10
3564,190,37,19,10,47,10
3565,190,38,19,10,56,10
3566,191,1,19,1,0,10
3567,191,2,19,1,0,10
3568,191,3,19,1,0,10
3569,191,4,19,1,0,10
3570,191,5,19,1,0,10
3571,191,6,19,1,0,10
3572,191,7,19,1,0,10
3573,191,8,19,1,0,10
3574,191,9,19,1,0,10
3575,191,10,19,1,0,10
3576,191,11,19,1,0,10
3577,191,12,19,1,0,10
3578,191,13,19,2,0,10
3579,191,14,19,1,0,10
3580,191,15,19,1,0,10
3581,191,16,19,2,0,10
3582,191,17,19,1,0,10
3583,191,18,19,1,0,10
3584,191,19,19,3,2,10
3585,191,20,19,3,1,10
3586,191,21,19,3,0,10
3587,191,22,19,2,0,10
3588,191,23,19,1,0,10
3589,191,24,19,1,0,10
3590,191,25,19,1,0,10
3591,191,26,19,1,0,10
3592,191,27,19,2,1,10
3593,191,28,19,4,0,10
3594,191,29,19,1,0,10
3595,191,30,19,2,2,10
3596,191,31,19,2,1,10
3597,191,32,19,3,0,10
3598,191,33,19,8,15,10
3599,191,34,19,6,8,10
3600,191,35,19,10,27,10
3601,191,36,19,10,49,10
3602,191,37,19,10,55,10
3603,191,38,19,7,6,10
3604,192,1,19,1,0,10
3605,192,2,19,1,0,10
3606,192,3,19,1,0,10
3607,192,4,19,1,0,10
3608,192,5,19,1,0,10
3609,192,6,19,1,0,10
3610,192,7,19,1,0,10
3611,192,8,19,1,0,10
3612,192,9,19,1,0,10
3613,192,10,19,1,0,10
3614,192,11,19,1,0,10
3615,192,12,19,1,0,10
3616,192,13,19,1,0,10
3617,192,14,19,1,0,10
3618,192,15,19,1,0,10
3619,192,16,19,1,0,10
3620,192,17,19,2,0,10
3621,192,18,19,1,0,10
3622,192,19,19,1,0,10
3623,192,20,19,2,1,10
3624,192,21,19,1,0,10
3625,192,22,19,1,0,10
3626,192,23,19,2,0,10
3627,192,24,19,10,32,10
3628,192,25,19,3,0,10
3629,192,26,19,3,0,10
3630,192,27,19,2,0,10
3631,192,28,19,1,0,10
3632,192,29,19,10,31,10
3633,192,30,19,2,0,10
3634,192,31,19,4,13,10
3635,192,32,19,2,2,10
3636,192,33,19,3,1,10
3637,192,34,19,10,33,10
3638,192,35,19,10,34,10
3639,192,36,19,10,36,10
3640,192,37,19,10,34,10
3641,192,38,19,7,28,10
3642,193,1,19,1,0,10
3643,193,2,19,1,0,10
3644,193,3,19,1,0,10
3645,193,4,19,1,0,10
3646,193,5,19,1,0,10
3647,193,6,19,1,0,10
3648,193,7,19,1,0,10
3649,193,8,19,1,0,10
3650,193,9,19,1,0,10
3651,193,10,19,1,0,10
3652,193,11,19,1,0,10
3653,193,12,19,1,0,10
3654,193,13,19,1,0,10
3655,193,14,19,1,0,10
3656,193,15,19,1,0,10
3657,193,16,19,1,0,10
3658,193,17,19,1,0,10
3659,193,18,19,1,0,10
3660,193,19,19,1,0,10
3661,193,20,19,1,0,10
3662,193,21,19,2,0,10
3663,193,22,19,2,0,10
3664,193,23,19,1,0,10
3665,193,24,19,2,0,10
3666,193,25,19,2,0,10
3667,193,26,19,2,0,10
3668,193,27,19,2,0,10
3669,193,28,19,4,4,10
3670,193,29,19,6,13,10
3671,193,30,19,2,0,10
3672,193,31,19,10,34,10
3673,193,32,19,9,46,10
3674,193,33,19,3,0,10
3675,193,34,19,3,0,10
3676,193,35,19,10,20,10
3677,193,36,19,10,1,10
3678,193,37,19,10,16,10
3679,193,38,19,6,8,10
3680,194,1,19,1,0,10
3681,194,2,19,1,0,10
3682,194,3,19,1,0,10
3683,194,4,19,1,0,10
3684,194,5,19,1,0,10
3685,194,6,19,1,0,10
3686,194,7,19,1,0,10
3687,194,8,19,1,0,10
3688,194,9,19,1,0,10
3689,194,10,19,1,0,10
3690,194,11,19,1,0,10
3691,194,12,19,1,0,10
3692,194,13,19,1,0,10
3693,194,14,19,1,0,10
3694,194,15,19,1,0,10
3695,194,16,19,1,0,10
3696,194,17,19,1,0,10
3697,194,18,19,1,0,10
3698,194,19,19,1,0,10
3699,194,20,19,2,0,10
3700,194,21,19,1,0,10
3701,194,22,19,1,0,10
3702,194,23,19,1,0,10
3703,194,24,19,4,6,10
3704,194,25,19,10,5,10
3705,194,26,19,9,25,10
3706,194,27,19,1,1,10
3707,194,28,19,1,0,10
3708,194,29,19,1,1,10
3709,194,30,19,2,1,10
3710,194,31,19,2,0,10
3711,194,32,19,4,1,10
3712,194,33,19,7,23,10
3713,194,34,19,8,24,10
3714,194,35,19,4,0,10
3715,194,36,19,3,2,10
3716,194,37,19,3,2,10
3717,194,38,19,10,20,10
3718,195,1,19,1,0,10
3719,195,2,19,1,0,10
3720,195,3,19,1,0,10
3721,195,4,19,1,0,10
3722,195,5,19,1,0,10
3723,195,6,19,1,0,10
3724,195,7,19,1,0,10
3725,195,8,19,1,0,10
3726,195,9,19,1,0,10
3727,195,10,19,1,0,10
3728,195,11,19,1,0,10
3729,195,12,19,1,0,10
3730,195,13,19,1,0,10
3731,195,14,19,1,0,10
3732,195,15,19,1,0,10
3733,195,16,19,1,0,10
3734,195,17,19,2,0,10
3735,195,18,19,1,0,10
3736,195,19,19,2,0,10
3737,195,20,19,1,0,10
3738,195,21,19,1,0,10
3739,195,22,19,2,0,10
3740,195,23,19,2,0,10
3741,195,24,19,1,0,10
3742,195,25,19,3,0,10
3743,195,26,19,1,0,10
3744,195,27,19,2,1,10
3745,195,28,19,1,0,10
3746,195,29,19,3,4,10
3747,195,30,19,4,3,10
3748,195,31,19,1,0,10
3749,195,32,19,10,26,10
3750,195,33,19,3,0,10
3751,195,34,19,3,0,10
3752,195,35,19,10,36,10
3753,195,36,19,6,13,10
3754,195,37,19,5,6,10
3755,195,38,19,3,9,10
3756,195,39,19,4,7,10
3757,196,1,19,1,0,10
3758,196,2,19,1,0,10
3759,196,3,19,1,0,10
3760,196,4,19,1,0,10
3761,196,5,19,1,0,10
3762,196,6,19,1,0,10
3763,196,7,19,1,0,10
3764,196,8,19,1,0,10
3765,196,9,19,1,0,10
3766,196,10,19,1,0,10
3767,196,11,19,1,0,10
3768,196,12,19,1,0,10
3769,196,13,19,1,0,10
3770,196,14,19,1,0,10
3771,196,15,19,1,0,10
3772,196,16,19,3,0,10
3773,196,17,19,1,0,10
3774,196,18,19,1,0,10
3775,196,19,19,1,0,10
3776,196,20,19,1,0,10
3777,196,21,19,2,0,10
3778,196,22,19,2,0,10
3779,196,23,19,1,0,10
3780,196,24,19,2,0,10
3781,196,25,19,4,2,10
3782,196,26,19,1,0,10
3783,196,27,19,2,0,10
3784,196,28,19,2,5,10
3785,196,29,19,10,43,10
3786,196,30,19,4,0,10
3787,196,31,19,10,4,10
3788,196,32,19,10,12,10
3789,196,33,19,4,10,10
3790,196,34,19,4,8,10
3791,196,35,19,2,1,10
3792,196,36,19,10,5,10
3793,196,37,19,6,25,10
3794,196,38,19,2,2,10
3795,196,39,19,3,5,10
3796,197,1,19,1,0,10
3797,197,2,19,1,0,10
3798,197,3,19,1,0,10
3799,197,4,19,1,0,10
3800,197,5,19,1,0,10
3801,197,6,19,1,0,10
3802,197,7,19,1,0,10
3803,197,8,19,1,0,10
3804,197,9,19,1,0,10
3805,197,10,19,1,0,10
3806,197,11,19,1,0,10
3807,197,12,19,1,0,10
3808,197,13,19,1,0,10
3809,197,14,19,1,0,10
3810,197,15,19,1,0,10
3811,197,16,19,1,0,10
3812,197,17,19,1,0,10
3813,197,18,19,1,0,10
3814,197,19,19,1,0,10
3815,197,20,19,1,0,10
3816,197,21,19,2,3,10
3817,197,22,19,2,0,10
3818,197,23,19,2,0,10
3819,197,24,19,1,0,10
3820,197,25,19,1,0,10
3821,197,26,19,1,0,10
3822,197,27,19,4,0,10
3823,197,28,19,3,0,10
3824,197,29,19,6,0,10
3825,197,30,19,2,3,10
3826,197,31,19,3,5,10
3827,197,32,19,10,1,10
3828,197,33,19,3,0,10
3829,197,34,19,3,4,10
3830,197,35,19,5,4,10
3831,197,36,19,3,0,10
3832,197,37,19,10,35,10
3833,197,38,19,10,23,10
3834,197,39,19,10,39,10
3835,198,1,19,1,0,10
3836,198,2,19,1,0,10
3837,198,3,19,1,0,10
3838,198,4,19,1,0,10
3839,198,5,19,1,0,10
3840,198,6,19,1,0,10
3841,198,7,19,1,0,10
3842,198,8,19,1,0,10
3843,198,9,19,1,0,10
3844,198,10,19,1,0,10
3845,198,11,19,1,0,10
3846,198,12,19,1,0,10
3847,198,13,19,1,0,10
3848,198,14,19,1,0,10
3849,198,15,19,1,0,10
3850,198,16,19,1,0,10
3851,198,17,19,1,0,10
3852,198,18,19,3,1,10
3853,198,19,19,2,0,10
3854,198,20,19,2,0,10
3855,198,21,19,1,0,10
3856,198,22,19,2,0,10
3857,198,23,19,1,0,10
3858,198,24,19,3,0,10
3859,198,25,19,1,0,10
3860,198,26,19,3,0,10
3861,198,27,19,3,2,10
3862,198,28,19,3,0,10
3863,198,29,19,6,16,10
3864,198,30,19,10,6,10
3865,198,31,19,3,0,10
3866,198,32,19,2,4,10
3867,198,33,19,2,0,10
3868,198,34,19,2,1,10
3869,198,35,19,10,24,10
3870,198,36,19,2,8,10
3871,198,37,19,10,4,10
3872,198,38,19,3,3,10
3873,198,39,19,10,32,10
3874,199,1,19,1,0,10
3875,199,2,19,1,0,10
3876,199,3,19,1,0,10
3877,199,4,19,1,0,10
3878,199,5,19,1,0,10
3879,199,6,19,1,0,10
3880,199,7,19,1,0,10
3881,199,8,19,1,0,10
3882,199,9,19,1,0,10
3883,199,10,19,1,0,10
3884,199,11,19,1,0,10
3885,199,12,19,1,0,10
3886,199,13,19,1,0,10
3887,199,14,19,1,0,10
3888,199,15,19,1,0,10
3889,199,16,19,1,0,10
3890,199,17,19,1,0,10
3891,199,18,19,1,0,10
3892,199,19,19,1,0,10
3893,199,20,19,2,0,10
3894,199,21,19,2,0,10
3895,199,22,19,2,0,10
3896,199,23,19,1,0,10
3897,199,24,19,1,0,10
3898,199,25,19,1,0,10
3899,199,26,19,2,0,10
3900,199,27,19,1,0,10
3901,199,28,19,1,0,10
3902,199,29,19,3,0,10
3903,199,30,19,2,1,10
3904,199,31,19,2,3,10
3905,199,32,19,2,2,10
3906,199,33,19,3,0,10
3907,199,34,19,6,8,10
3908,199,35,19,2,2,10
3909,199,36,19,10,27,10
3910,199,37,19,4,2,10
3911,199,38,19,10,24,10
3912,199,39,19,10,41,10
3913,200,1,20,1,0,10
3914,200,2,20,1,0,10
3915,200,3,20,1,0,10
3916,200,4,20,1,0,10
3917,200,5,20,1,0,10
3918,200,6,20,1,0,10
3919,200,7,20,1,0,10
3920,200,8,20,1,0,10
3921,200,9,20,1,0,10
3922,200,10,20,1,0,10
3923,200,11,20,1,0,10
3924,200,12,20,1,0,10
3925,200,13,20,1,0,10
3926,200,14,20,1,0,10
3927,200,15,20,1,0,10
3928,200,16,20,1,0,10
3929,200,17,20,1,0,10
3930,200,18,20,1,0,10
3931,200,19,20,1,0,10
3932,200,20,20,1,0,10
3933,200,21,20,10,15,10
3934,200,22,20,1,0,10
3935,200,23,20,1,0,10
3936,200,24,20,2,3,10
3937,200,25,20,1,0,10
3938,200,26,20,3,1,10
3939,200,27,20,2,1,10
3940,200,28,20,4,4,10
3941,200,29,20,3,5,10
3942,200,30,20,4,0,10
3943,200,31,20,2,0,10
3944,200,32,20,1,0,10
3945,200,33,20,2,0,10
3946,200,34,20,10,1,10
3947,200,35,20,7,23,10
3948,200,36,20,5,16,10
3949,200,37,20,4,3,10
3950,200,38,20,10,2,10
3951,200,39,20,3,4,10
3952,200,40,20,10,38,10
